time,x,y,u0,u1,u2
0,-0.288322,0.183554,-0.530275,0.285053,-0.236379
0,-0.6106,0.241798,-0.546447,0.330326,-0.745174
0,-0.456174,-0.109887,-0.919873,-0.232256,-0.182415
0,-0.0827356,0.0605565,-0.222916,-0.0894911,0.381813
0,-0.288322,0.183554,-0.530275,0.285053,-0.236379
0,-0.456174,-0.109887,-0.919873,-0.232256,-0.182415
0,-0.0827356,0.0605565,-0.222916,-0.0894911,0.381813
0,0.0413416,0.355184,0.268057,0.671713,0.0942654
0,-0.288322,0.183554,-0.530275,0.285053,-0.236379
0,0.499633,0.33075,0.33204,0.272222,-0.138116
0,0.345192,0.512585,0.315137,0.258364,-0.18199
0,0.183784,0.176866,0.610631,0.487899,0.594649
0,-0.170893,0.477165,-0.159662,0.815237,-0.375956
0,-0.6106,0.241798,-0.546447,0.330326,-0.745174
0,-0.288322,0.183554,-0.530275,0.285053,-0.236379
0,0.345192,0.512585,0.315137,0.258364,-0.18199
0,0.5,0.866025,6.12323e-17,1.06058e-16,-1
0,0.163295,0.690563,-0.0575787,0.474073,-0.68987
0,-0.147832,0.751845,-0.0553272,0.44712,-0.709416
0,-0.5,0.866025,-2.83277e-16,4.9065e-16,-1
0,-0.479809,0.554664,-0.277623,0.301826,-0.785609
0,-0.170893,0.477165,-0.159662,0.815237,-0.375956
0,-0.479809,0.554664,-0.277623,0.301826,-0.785609
0,-0.6106,0.241798,-0.546447,0.330326,-0.745174
0,-0.479809,0.554664,-0.277623,0.301826,-0.785609
0,-0.5,0.866025,-2.83277e-16,4.9065e-16,-1
0,-0.866025,0.5,-1.06058e-16,6.12323e-17,-1
0,-0.6106,0.241798,-0.546447,0.330326,-0.745174
0,-0.479809,0.554664,-0.277623,0.301826,-0.785609
0,-0.866025,0.5,-1.06058e-16,6.12323e-17,-1
0,-0.170893,0.477165,-0.159662,0.815237,-0.375956
0,-0.147832,0.751845,-0.0553272,0.44712,-0.709416
0,-0.479809,0.554664,-0.277623,0.301826,-0.785609
0,0.163295,0.690563,-0.0575787,0.474073,-0.68987
0,-0.170893,0.477165,-0.159662,0.815237,-0.375956
0,0.0413416,0.355184,0.268057,0.671713,0.0942654
0,6.12323e-17,1,1.32537e-32,1.22465e-16,-1
0,0.163295,0.690563,-0.0575787,0.474073,-0.68987
0,0.5,0.866025,6.12323e-17,1.06058e-16,-1
0,-0.147832,0.751845,-0.0553272,0.44712,-0.709416
0,-0.170893,0.477165,-0.159662,0.815237,-0.375956
0,0.163295,0.690563,-0.0575787,0.474073,-0.68987
0,6.12323e-17,1,1.32537e-32,1.22465e-16,-1
0,-0.147832,0.751845,-0.0553272,0.44712,-0.709416
0,0.163295,0.690563,-0.0575787,0.474073,-0.68987
0,6.12323e-17,1,1.32537e-32,1.22465e-16,-1
0,-0.5,0.866025,-2.83277e-16,4.9065e-16,-1
0,-0.147832,0.751845,-0.0553272,0.44712,-0.709416
0,-1,5.66554e-16,-1.22465e-16,7.62013e-32,-1
0,-0.6106,0.241798,-0.546447,0.330326,-0.745174
0,-0.866025,0.5,-1.06058e-16,6.12323e-17,-1
0,-1,5.66554e-16,-1.22465e-16,7.62013e-32,-1
0,-0.932711,-0.251125,-1.66365e-16,-4.42871e-17,-1
0,-0.456174,-0.109887,-0.919873,-0.232256,-0.182415
0,-0.232227,-0.487806,-0.490037,-0.688501,-0.410781
0,-0.0377032,-0.148413,-0.250566,-0.545446,0.738198
0,-0.456174,-0.109887,-0.919873,-0.232256,-0.182415
0,0.131767,-0.712378,0.143019,-0.454384,-0.7153
0,0.5,-0.866025,6.12323e-17,-1.06058e-16,-1
0,0.335559,-0.517268,0.300578,-0.699891,-0.574145
0,0.866025,-0.5,1.06058e-16,-6.12323e-17,-1
0,0.335559,-0.517268,0.300578,-0.699891,-0.574145
0,0.5,-0.866025,6.12323e-17,-1.06058e-16,-1
0,0.560147,-0.221546,0.695599,-0.346958,-0.496775
0,0.866025,-0.5,1.06058e-16,-6.12323e-17,-1
0,1,0,1.22465e-16,-5.55792e-33,-1
0,0.499633,0.33075,0.33204,0.272222,-0.138116
0,0.183784,0.176866,0.610631,0.487899,0.594649
0,0.324823,-0.0130264,0.635653,-0.0270648,0.119671
0,0.560147,-0.221546,0.695599,-0.346958,-0.496775
0,0.690321,0.140483,0.444762,-0.202464,-0.685585
0,0.324823,-0.0130264,0.635653,-0.0270648,0.119671
0,0.866025,0.5,1.06058e-16,6.12323e-17,-1
0,0.681373,0.684653,2.25149e-16,2.00022e-16,-1
0,0.499633,0.33075,0.33204,0.272222,-0.138116
0,0.131767,-0.712378,0.143019,-0.454384,-0.7153
0,-1.83697e-16,-1,-2.64309e-32,-1.22465e-16,-1
0,0.5,-0.866025,6.12323e-17,-1.06058e-16,-1
0,-0.232227,-0.487806,-0.490037,-0.688501,-0.410781
0,0.131767,-0.712378,0.143019,-0.454384,-0.7153
0,0.335559,-0.517268,0.300578,-0.699891,-0.574145
0,-0.232227,-0.487806,-0.490037,-0.688501,-0.410781
0,-0.5,-0.866025,-6.12323e-17,-1.06058e-16,-1
0,-0.198768,-0.754534,-0.267959,-0.317484,-0.743021
0,0.560147,-0.221546,0.695599,-0.346958,-0.496775
0,0.335559,-0.517268,0.300578,-0.699891,-0.574145
0,0.866025,-0.5,1.06058e-16,-6.12323e-17,-1
0,0.866025,0.5,1.06058e-16,6.12323e-17,-1
0,0.499633,0.33075,0.33204,0.272222,-0.138116
0,0.690321,0.140483,0.444762,-0.202464,-0.685585
0,0.324823,-0.0130264,0.635653,-0.0270648,0.119671
0,-0.0377032,-0.148413,-0.250566,-0.545446,0.738198
0,0.149565,-0.304787,0.0908454,-0.64845,0.0855536
0,-0.5,-0.866025,-6.12323e-17,-1.06058e-16,-1
0,-0.232227,-0.487806,-0.490037,-0.688501,-0.410781
0,-0.866025,-0.5,-1.06058e-16,-6.12323e-17,-1
0,-0.198768,-0.754534,-0.267959,-0.317484,-0.743021
0,-1.83697e-16,-1,-2.64309e-32,-1.22465e-16,-1
0,0.131767,-0.712378,0.143019,-0.454384,-0.7153
0,-0.232227,-0.487806,-0.490037,-0.688501,-0.410781
0,-0.198768,-0.754534,-0.267959,-0.317484,-0.743021
0,0.131767,-0.712378,0.143019,-0.454384,-0.7153
0,-0.5,-0.866025,-6.12323e-17,-1.06058e-16,-1
0,-1.83697e-16,-1,-2.64309e-32,-1.22465e-16,-1
0,-0.198768,-0.754534,-0.267959,-0.317484,-0.743021
0,-0.548199,-0.367949,-0.5081,-0.289066,-0.535293
0,-0.866025,-0.5,-1.06058e-16,-6.12323e-17,-1
0,-0.232227,-0.487806,-0.490037,-0.688501,-0.410781
0,0.345192,0.512585,0.315137,0.258364,-0.18199
0,0.163295,0.690563,-0.0575787,0.474073,-0.68987
0,0.0413416,0.355184,0.268057,0.671713,0.0942654
0,0.183784,0.176866,0.610631,0.487899,0.594649
0,0.345192,0.512585,0.315137,0.258364,-0.18199
0,0.0413416,0.355184,0.268057,0.671713,0.0942654
0,0.499633,0.33075,0.33204,0.272222,-0.138116
0,0.681373,0.684653,2.25149e-16,2.00022e-16,-1
0,0.345192,0.512585,0.315137,0.258364,-0.18199
0,0.5,0.866025,6.12323e-17,1.06058e-16,-1
0,0.345192,0.512585,0.315137,0.258364,-0.18199
0,0.681373,0.684653,2.25149e-16,2.00022e-16,-1
0,-0.0827356,0.0605565,-0.222916,-0.0894911,0.381813
0,-0.0377032,-0.148413,-0.250566,-0.545446,0.738198
0,0.183784,0.176866,0.610631,0.487899,0.594649
0,-0.170893,0.477165,-0.159662,0.815237,-0.375956
0,-0.288322,0.183554,-0.530275,0.285053,-0.236379
0,0.0413416,0.355184,0.268057,0.671713,0.0942654
0,-0.456174,-0.109887,-0.919873,-0.232256,-0.182415
0,-0.0377032,-0.148413,-0.250566,-0.545446,0.738198
0,-0.0827356,0.0605565,-0.222916,-0.0894911,0.381813
0,0.0413416,0.355184,0.268057,0.671713,0.0942654
0,-0.0827356,0.0605565,-0.222916,-0.0894911,0.381813
0,0.183784,0.176866,0.610631,0.487899,0.594649
0,-1,5.66554e-16,-1.22465e-16,7.62013e-32,-1
0,-0.456174,-0.109887,-0.919873,-0.232256,-0.182415
0,-0.6106,0.241798,-0.546447,0.330326,-0.745174
0,-0.548199,-0.367949,-0.5081,-0.289066,-0.535293
0,-0.232227,-0.487806,-0.490037,-0.688501,-0.410781
0,-0.456174,-0.109887,-0.919873,-0.232256,-0.182415
0,-0.932711,-0.251125,-1.66365e-16,-4.42871e-17,-1
0,-0.548199,-0.367949,-0.5081,-0.289066,-0.535293
0,-0.456174,-0.109887,-0.919873,-0.232256,-0.182415
0,-0.932711,-0.251125,-1.66365e-16,-4.42871e-17,-1
0,-0.866025,-0.5,-1.06058e-16,-6.12323e-17,-1
0,-0.548199,-0.367949,-0.5081,-0.289066,-0.535293
0,0.149565,-0.304787,0.0908454,-0.64845,0.0855536
0,0.335559,-0.517268,0.300578,-0.699891,-0.574145
0,0.560147,-0.221546,0.695599,-0.346958,-0.496775
0,-0.232227,-0.487806,-0.490037,-0.688501,-0.410781
0,0.149565,-0.304787,0.0908454,-0.64845,0.0855536
0,-0.0377032,-0.148413,-0.250566,-0.545446,0.738198
0,-0.232227,-0.487806,-0.490037,-0.688501,-0.410781
0,0.335559,-0.517268,0.300578,-0.699891,-0.574145
0,0.149565,-0.304787,0.0908454,-0.64845,0.0855536
0,0.324823,-0.0130264,0.635653,-0.0270648,0.119671
0,0.149565,-0.304787,0.0908454,-0.64845,0.0855536
0,0.560147,-0.221546,0.695599,-0.346958,-0.496775
0,0.690321,0.140483,0.444762,-0.202464,-0.685585
0,0.499633,0.33075,0.33204,0.272222,-0.138116
0,0.324823,-0.0130264,0.635653,-0.0270648,0.119671
0,1,0,1.22465e-16,-5.55792e-33,-1
0,0.690321,0.140483,0.444762,-0.202464,-0.685585
0,0.560147,-0.221546,0.695599,-0.346958,-0.496775
0,1,0,1.22465e-16,-5.55792e-33,-1
0,0.866025,0.5,1.06058e-16,6.12323e-17,-1
0,0.690321,0.140483,0.444762,-0.202464,-0.685585
0,0.183784,0.176866,0.610631,0.487899,0.594649
0,-0.0377032,-0.148413,-0.250566,-0.545446,0.738198
0,0.324823,-0.0130264,0.635653,-0.0270648,0.119671
0.05,-0.176654,0.461734,-0.0486638,0.718545,-0.680517
0.05,-0.449716,0.533885,-0.0638444,0.397999,-0.900325
0.05,-0.601356,0.240436,-0.39016,0.172225,-0.900851
0.05,-0.149176,0.724001,0.0295012,0.295532,-0.93849
0.05,6.12323e-17,1,2.84943e-32,1.22465e-16,-1
0.05,-0.5,0.866025,-2.83277e-16,4.9065e-16,-1
0.05,-0.449716,0.533885,-0.0638444,0.397999,-0.900325
0.05,-0.149176,0.724001,0.0295012,0.295532,-0.93849
0.05,-0.5,0.866025,-2.83277e-16,4.9065e-16,-1
0.05,-0.176654,0.461734,-0.0486638,0.718545,-0.680517
0.05,0.134199,0.661104,0.222279,0.386803,-0.868926
0.05,-0.149176,0.724001,0.0295012,0.295532,-0.93849
0.05,0.134199,0.661104,0.222279,0.386803,-0.868926
0.05,0.5,0.866025,6.12323e-17,1.06058e-16,-1
0.05,6.12323e-17,1,2.84943e-32,1.22465e-16,-1
0.05,-0.601356,0.240436,-0.39016,0.172225,-0.900851
0.05,-0.259118,0.182677,-0.623875,0.499084,-0.445399
0.05,-0.176654,0.461734,-0.0486638,0.718545,-0.680517
0.05,-0.866025,0.5,-1.06058e-16,6.12323e-17,-1
0.05,-0.601356,0.240436,-0.39016,0.172225,-0.900851
0.05,-0.449716,0.533885,-0.0638444,0.397999,-0.900325
0.05,-1,5.66554e-16,-1.22465e-16,7.73115e-32,-1
0.05,-0.531988,-0.0586858,-0.67729,-0.0285442,-0.667923
0.05,-0.601356,0.240436,-0.39016,0.172225,-0.900851
0.05,-0.499633,-0.400208,-0.434038,-0.279175,-0.822542
0.05,-0.934474,-0.244545,-3.52376e-16,-5.67483e-17,-1
0.05,-0.866025,-0.5,-1.06058e-16,-6.12323e-17,-1
0.05,-0.531988,-0.0586858,-0.67729,-0.0285442,-0.667923
0.05,-0.259118,0.182677,-0.623875,0.499084,-0.445399
0.05,-0.601356,0.240436,-0.39016,0.172225,-0.900851
0.05,-0.499633,-0.400208,-0.434038,-0.279175,-0.822542
0.05,-0.531988,-0.0586858,-0.67729,-0.0285442,-0.667923
0.05,-0.934474,-0.244545,-3.52376e-16,-5.67483e-17,-1
0.05,-0.5,-0.866025,-6.12323e-17,-1.06058e-16,-1
0.05,-0.499633,-0.400208,-0.434038,-0.279175,-0.822542
0.05,-0.866025,-0.5,-1.06058e-16,-6.12323e-17,-1
0.05,-0.131331,-0.506816,-0.44789,-0.545988,-0.648231
0.05,0.171841,-0.283526,0.0356553,-0.90118,-0.264213
0.05,-0.0469556,-0.203352,-0.467388,-0.736317,0.289747
0.05,-0.5,-0.866025,-6.12323e-17,-1.06058e-16,-1
0.05,-0.131331,-0.506816,-0.44789,-0.545988,-0.648231
0.05,-0.499633,-0.400208,-0.434038,-0.279175,-0.822542
0.05,-0.5,-0.866025,-6.12323e-17,-1.06058e-16,-1
0.05,-1.83697e-16,-1,-3.23224e-32,-1.22465e-16,-1
0.05,-0.131331,-0.506816,-0.44789,-0.545988,-0.648231
0.05,0.328355,-0.562656,0.118521,-0.526144,-0.817888
0.05,-1.83697e-16,-1,-3.23224e-32,-1.22465e-16,-1
0.05,0.5,-0.866025,6.12323e-17,-1.06058e-16,-1
0.05,-0.176654,0.461734,-0.0486638,0.718545,-0.680517
0.05,0.0471209,0.357671,0.381722,0.886429,-0.225477
0.05,0.134199,0.661104,0.222279,0.386803,-0.868926
0.05,0.57539,-0.221532,0.402242,-0.418462,-0.804785
0.05,0.866025,-0.5,1.06058e-16,-6.12323e-17,-1
0.05,1,0,1.22465e-16,-4.46767e-33,-1
0.05,0.590903,0.113993,0.466397,-0.0816102,-0.756904
0.05,0.57539,-0.221532,0.402242,-0.418462,-0.804785
0.05,0.930665,0.258762,1.13974e-16,3.16893e-17,-1
0.05,0.0987853,-0.0309744,0.107734,-0.308136,0.35517
0.05,0.317889,-0.017946,0.930952,-0.2455,-0.0171021
0.05,0.197068,0.193188,0.778855,0.473272,0.293452
0.05,-0.045218,0.0770989,-0.233644,0.127512,0.671923
0.05,0.0987853,-0.0309744,0.107734,-0.308136,0.35517
0.05,0.197068,0.193188,0.778855,0.473272,0.293452
0.05,-0.0469556,-0.203352,-0.467388,-0.736317,0.289747
0.05,0.171841,-0.283526,0.0356553,-0.90118,-0.264213
0.05,0.0987853,-0.0309744,0.107734,-0.308136,0.35517
0.05,0.0987853,-0.0309744,0.107734,-0.308136,0.35517
0.05,0.171841,-0.283526,0.0356553,-0.90118,-0.264213
0.05,0.317889,-0.017946,0.930952,-0.2455,-0.0171021
0.05,-0.045218,0.0770989,-0.233644,0.127512,0.671923
0.05,-0.0469556,-0.203352,-0.467388,-0.736317,0.289747
0.05,0.0987853,-0.0309744,0.107734,-0.308136,0.35517
0.05,0.0471209,0.357671,0.381722,0.886429,-0.225477
0.05,-0.045218,0.0770989,-0.233644,0.127512,0.671923
0.05,0.197068,0.193188,0.778855,0.473272,0.293452
0.05,-0.259118,0.182677,-0.623875,0.499084,-0.445399
0.05,-0.531988,-0.0586858,-0.67729,-0.0285442,-0.667923
0.05,-0.234787,-0.166219,-0.630518,-0.428431,-0.0988658
0.05,-0.234787,-0.166219,-0.630518,-0.428431,-0.0988658
0.05,-0.499633,-0.400208,-0.434038,-0.279175,-0.822542
0.05,-0.131331,-0.506816,-0.44789,-0.545988,-0.648231
0.05,-0.045218,0.0770989,-0.233644,0.127512,0.671923
0.05,-0.234787,-0.166219,-0.630518,-0.428431,-0.0988658
0.05,-0.0469556,-0.203352,-0.467388,-0.736317,0.289747
0.05,-0.531988,-0.0586858,-0.67729,-0.0285442,-0.667923
0.05,-0.499633,-0.400208,-0.434038,-0.279175,-0.822542
0.05,-0.234787,-0.166219,-0.630518,-0.428431,-0.0988658
0.05,0.328355,-0.562656,0.118521,-0.526144,-0.817888
0.05,0.866025,-0.5,1.06058e-16,-6.12323e-17,-1
0.05,0.57539,-0.221532,0.402242,-0.418462,-0.804785
0.05,1,0,1.22465e-16,-4.46767e-33,-1
0.05,0.930665,0.258762,1.13974e-16,3.16893e-17,-1
0.05,0.57539,-0.221532,0.402242,-0.418462,-0.804785
0.05,0.590903,0.113993,0.466397,-0.0816102,-0.756904
0.05,0.317889,-0.017946,0.930952,-0.2455,-0.0171021
0.05,0.57539,-0.221532,0.402242,-0.418462,-0.804785
0.05,0.866025,0.5,1.06058e-16,6.12323e-17,-1
0.05,0.590903,0.113993,0.466397,-0.0816102,-0.756904
0.05,0.930665,0.258762,1.13974e-16,3.16893e-17,-1
0.05,0.463771,0.306529,0.558734,0.00845949,-0.68015
0.05,0.317889,-0.017946,0.930952,-0.2455,-0.0171021
0.05,0.590903,0.113993,0.466397,-0.0816102,-0.756904
0.05,0.328355,-0.562656,0.118521,-0.526144,-0.817888
0.05,0.171841,-0.283526,0.0356553,-0.90118,-0.264213
0.05,-0.131331,-0.506816,-0.44789,-0.545988,-0.648231
0.05,0.866025,-0.5,1.06058e-16,-6.12323e-17,-1
0.05,0.328355,-0.562656,0.118521,-0.526144,-0.817888
0.05,0.5,-0.866025,6.12323e-17,-1.06058e-16,-1
0.05,0.57539,-0.221532,0.402242,-0.418462,-0.804785
0.05,0.171841,-0.283526,0.0356553,-0.90118,-0.264213
0.05,0.328355,-0.562656,0.118521,-0.526144,-0.817888
0.05,-0.131331,-0.506816,-0.44789,-0.545988,-0.648231
0.05,-0.0469556,-0.203352,-0.467388,-0.736317,0.289747
0.05,-0.234787,-0.166219,-0.630518,-0.428431,-0.0988658
0.05,-1.83697e-16,-1,-3.23224e-32,-1.22465e-16,-1
0.05,0.328355,-0.562656,0.118521,-0.526144,-0.817888
0.05,-0.131331,-0.506816,-0.44789,-0.545988,-0.648231
0.05,0.57539,-0.221532,0.402242,-0.418462,-0.804785
0.05,0.317889,-0.017946,0.930952,-0.2455,-0.0171021
0.05,0.171841,-0.283526,0.0356553,-0.90118,-0.264213
0.05,0.866025,0.5,1.06058e-16,6.12323e-17,-1
0.05,0.463771,0.306529,0.558734,0.00845949,-0.68015
0.05,0.590903,0.113993,0.466397,-0.0816102,-0.756904
0.05,0.315333,0.478443,0.23746,0.324213,-0.76821
0.05,0.685837,0.680188,2.22269e-16,1.96666e-16,-1
0.05,0.5,0.866025,6.12323e-17,1.06058e-16,-1
0.05,0.134199,0.661104,0.222279,0.386803,-0.868926
0.05,0.315333,0.478443,0.23746,0.324213,-0.76821
0.05,0.5,0.866025,6.12323e-17,1.06058e-16,-1
0.05,0.197068,0.193188,0.778855,0.473272,0.293452
0.05,0.463771,0.306529,0.558734,0.00845949,-0.68015
0.05,0.315333,0.478443,0.23746,0.324213,-0.76821
0.05,-0.259118,0.182677,-0.623875,0.499084,-0.445399
0.05,-0.234787,-0.166219,-0.630518,-0.428431,-0.0988658
0.05,-0.045218,0.0770989,-0.233644,0.127512,0.671923
0.05,0.463771,0.306529,0.558734,0.00845949,-0.68015
0.05,0.685837,0.680188,2.22269e-16,1.96666e-16,-1
0.05,0.315333,0.478443,0.23746,0.324213,-0.76821
0.05,0.317889,-0.017946,0.930952,-0.2455,-0.0171021
0.05,0.463771,0.306529,0.558734,0.00845949,-0.68015
0.05,0.197068,0.193188,0.778855,0.473272,0.293452
0.05,0.866025,0.5,1.06058e-16,6.12323e-17,-1
0.05,0.685837,0.680188,2.22269e-16,1.96666e-16,-1
0.05,0.463771,0.306529,0.558734,0.00845949,-0.68015
0.05,0.0471209,0.357671,0.381722,0.886429,-0.225477
0.05,0.197068,0.193188,0.778855,0.473272,0.293452
0.05,0.315333,0.478443,0.23746,0.324213,-0.76821
0.05,0.134199,0.661104,0.222279,0.386803,-0.868926
0.05,0.0471209,0.357671,0.381722,0.886429,-0.225477
0.05,0.315333,0.478443,0.23746,0.324213,-0.76821
0.05,-0.176654,0.461734,-0.0486638,0.718545,-0.680517
0.05,-0.259118,0.182677,-0.623875,0.499084,-0.445399
0.05,0.0471209,0.357671,0.381722,0.886429,-0.225477
0.05,0.0471209,0.357671,0.381722,0.886429,-0.225477
0.05,-0.259118,0.182677,-0.623875,0.499084,-0.445399
0.05,-0.045218,0.0770989,-0.233644,0.127512,0.671923
0.05,6.12323e-17,1,2.84943e-32,1.22465e-16,-1
0.05,-0.149176,0.724001,0.0295012,0.295532,-0.93849
0.05,0.134199,0.661104,0.222279,0.386803,-0.868926
0.05,-0.601356,0.240436,-0.39016,0.172225,-0.900851
0.05,-0.866025,0.5,-1.06058e-16,6.12323e-17,-1
0.05,-1,5.66554e-16,-1.22465e-16,7.73115e-32,-1
0.05,-0.149176,0.724001,0.0295012,0.295532,-0.93849
0.05,-0.449716,0.533885,-0.0638444,0.397999,-0.900325
0.05,-0.176654,0.461734,-0.0486638,0.718545,-0.680517
0.05,-0.5,0.866025,-2.83277e-16,4.9065e-16,-1
0.05,-0.866025,0.5,-1.06058e-16,6.12323e-17,-1
0.05,-0.449716,0.533885,-0.0638444,0.397999,-0.900325
0.05,-1,5.66554e-16,-1.22465e-16,7.73115e-32,-1
0.05,-0.934474,-0.244545,-3.52376e-16,-5.67483e-17,-1
0.05,-0.531988,-0.0586858,-0.67729,-0.0285442,-0.667923
0.1,0.125812,0.658663,0.199932,0.306475,-0.929647
0.1,-0.175991,0.5271,0.0456479,0.481623,-0.86476
0.1,0.0421132,0.359989,0.451347,0.692674,-0.55747
0.1,-0.571808,-0.115046,-0.383584,0.0508992,-0.909787
0.1,-0.554789,0.241331,-0.307706,0.267392,-0.894674
0.1,-1,5.66554e-16,-1.22465e-16,8.21874e-32,-1
0.1,-0.554789,0.241331,-0.307706,0.267392,-0.894674
0.1,-0.264058,0.175661,-0.555884,0.572347,-0.591525
0.1,-0.175991,0.5271,0.0456479,0.481623,-0.86476
0.1,-1,5.66554e-16,-1.22465e-16,8.21874e-32,-1
0.1,-0.554789,0.241331,-0.307706,0.267392,-0.894674
0.1,-0.866025,0.5,-1.06058e-16,6.12323e-17,-1
0.1,-0.571808,-0.115046,-0.383584,0.0508992,-0.909787
0.1,-0.264058,0.175661,-0.555884,0.572347,-0.591525
0.1,-0.554789,0.241331,-0.307706,0.267392,-0.894674
0.1,-0.866025,-0.5,-1.06058e-16,-6.12323e-17,-1
0.1,-0.571808,-0.115046,-0.383584,0.0508992,-0.909787
0.1,-1,5.66554e-16,-1.22465e-16,8.21874e-32,-1
0.1,-0.44214,-0.43055,-0.380246,-0.168539,-0.89719
0.1,-0.233116,-0.147957,-0.750272,-0.302492,-0.525519
0.1,-0.571808,-0.115046,-0.383584,0.0508992,-0.909787
0.1,-0.137037,0.12595,-0.514353,0.502716,0.0972971
0.1,0.0421132,0.359989,0.451347,0.692674,-0.55747
0.1,-0.264058,0.175661,-0.555884,0.572347,-0.591525
0.1,-0.233116,-0.147957,-0.750272,-0.302492,-0.525519
0.1,-0.137037,0.12595,-0.514353,0.502716,0.0972971
0.1,-0.264058,0.175661,-0.555884,0.572347,-0.591525
0.1,0.0114942,0.222393,0.124286,0.572005,-0.0434892
0.1,0.0421132,0.359989,0.451347,0.692674,-0.55747
0.1,-0.137037,0.12595,-0.514353,0.502716,0.0972971
0.1,-0.0607915,0.0456269,-0.52639,0.276664,0.582446
0.1,0.0114942,0.222393,0.124286,0.572005,-0.0434892
0.1,-0.137037,0.12595,-0.514353,0.502716,0.0972971
0.1,0.0800958,0.122326,0.359987,0.312701,0.168292
0.1,0.216507,0.216998,0.875989,0.332478,-0.284087
0.1,0.0114942,0.222393,0.124286,0.572005,-0.0434892
0.1,-0.0607915,0.0456269,-0.52639,0.276664,0.582446
0.1,0.0800958,0.122326,0.359987,0.312701,0.168292
0.1,0.0114942,0.222393,0.124286,0.572005,-0.0434892
0.1,-0.0607915,0.0456269,-0.52639,0.276664,0.582446
0.1,0.112665,-0.0421069,0.408226,-0.787249,0.250662
0.1,0.0800958,0.122326,0.359987,0.312701,0.168292
0.1,0.112665,-0.0421069,0.408226,-0.787249,0.250662
0.1,-0.0607915,0.0456269,-0.52639,0.276664,0.582446
0.1,-0.0623855,-0.0842598,-0.545629,-0.354864,0.0438703
0.1,0.180784,-0.271297,0.000356476,-0.809428,-0.550318
0.1,0.112665,-0.0421069,0.408226,-0.787249,0.250662
0.1,-0.0375366,-0.241112,-0.488574,-0.763293,-0.352331
0.1,0.348784,-0.0112634,0.747019,-0.434437,-0.465654
0.1,0.216507,0.216998,0.875989,0.332478,-0.284087
0.1,0.112665,-0.0421069,0.408226,-0.787249,0.250662
0.1,0.180784,-0.271297,0.000356476,-0.809428,-0.550318
0.1,0.348784,-0.0112634,0.747019,-0.434437,-0.465654
0.1,0.112665,-0.0421069,0.408226,-0.787249,0.250662
0.1,0.64783,0.103376,0.342818,-0.180288,-0.900123
0.1,0.421334,0.253628,0.57914,0.0862276,-0.72469
0.1,0.348784,-0.0112634,0.747019,-0.434437,-0.465654
0.1,6.12323e-17,1,3.04083e-32,1.22465e-16,-1
0.1,-0.5,0.866025,-2.83277e-16,4.9065e-16,-1
0.1,-0.175991,0.5271,0.0456479,0.481623,-0.86476
0.1,0.112665,-0.0421069,0.408226,-0.787249,0.250662
0.1,0.216507,0.216998,0.875989,0.332478,-0.284087
0.1,0.0800958,0.122326,0.359987,0.312701,0.168292
0.1,6.12323e-17,1,3.04083e-32,1.22465e-16,-1
0.1,-0.175991,0.5271,0.0456479,0.481623,-0.86476
0.1,0.125812,0.658663,0.199932,0.306475,-0.929647
0.1,-0.47499,0.54543,-0.0582819,0.19101,-0.977674
0.1,-0.175991,0.5271,0.0456479,0.481623,-0.86476
0.1,-0.5,0.866025,-2.83277e-16,4.9065e-16,-1
0.1,-0.866025,0.5,-1.06058e-16,6.12323e-17,-1
0.1,-0.47499,0.54543,-0.0582819,0.19101,-0.977674
0.1,-0.5,0.866025,-2.83277e-16,4.9065e-16,-1
0.1,-0.866025,0.5,-1.06058e-16,6.12323e-17,-1
0.1,-0.554789,0.241331,-0.307706,0.267392,-0.894674
0.1,-0.47499,0.54543,-0.0582819,0.19101,-0.977674
0.1,-0.264058,0.175661,-0.555884,0.572347,-0.591525
0.1,0.0421132,0.359989,0.451347,0.692674,-0.55747
0.1,-0.175991,0.5271,0.0456479,0.481623,-0.86476
0.1,0.349662,0.498142,0.474578,0.283412,-0.809288
0.1,0.125812,0.658663,0.199932,0.306475,-0.929647
0.1,0.0421132,0.359989,0.451347,0.692674,-0.55747
0.1,0.349662,0.498142,0.474578,0.283412,-0.809288
0.1,0.5,0.866025,6.12323e-17,1.06058e-16,-1
0.1,0.125812,0.658663,0.199932,0.306475,-0.929647
0.1,-0.233116,-0.147957,-0.750272,-0.302492,-0.525519
0.1,-0.0607915,0.0456269,-0.52639,0.276664,0.582446
0.1,-0.137037,0.12595,-0.514353,0.502716,0.0972971
0.1,0.62189,0.402084,0.269339,0.0891175,-0.921043
0.1,0.64783,0.103376,0.342818,-0.180288,-0.900123
0.1,0.866025,0.5,1.06058e-16,6.12323e-17,-1
0.1,0.349662,0.498142,0.474578,0.283412,-0.809288
0.1,0.421334,0.253628,0.57914,0.0862276,-0.72469
0.1,0.62189,0.402084,0.269339,0.0891175,-0.921043
0.1,0.349662,0.498142,0.474578,0.283412,-0.809288
0.1,0.0421132,0.359989,0.451347,0.692674,-0.55747
0.1,0.216507,0.216998,0.875989,0.332478,-0.284087
0.1,0.349662,0.498142,0.474578,0.283412,-0.809288
0.1,0.68224,0.683785,3.418e-16,2.68156e-16,-1
0.1,0.5,0.866025,6.12323e-17,1.06058e-16,-1
0.1,6.12323e-17,1,3.04083e-32,1.22465e-16,-1
0.1,0.125812,0.658663,0.199932,0.306475,-0.929647
0.1,0.5,0.866025,6.12323e-17,1.06058e-16,-1
0.1,0.348784,-0.0112634,0.747019,-0.434437,-0.465654
0.1,0.550957,-0.23719,0.278791,-0.350654,-0.881655
0.1,0.64783,0.103376,0.342818,-0.180288,-0.900123
0.1,-0.44214,-0.43055,-0.380246,-0.168539,-0.89719
0.1,-0.571808,-0.115046,-0.383584,0.0508992,-0.909787
0.1,-0.866025,-0.5,-1.06058e-16,-6.12323e-17,-1
0.1,-0.571808,-0.115046,-0.383584,0.0508992,-0.909787
0.1,-0.233116,-0.147957,-0.750272,-0.302492,-0.525519
0.1,-0.264058,0.175661,-0.555884,0.572347,-0.591525
0.1,-0.5,-0.866025,-6.12323e-17,-1.06058e-16,-1
0.1,-0.44214,-0.43055,-0.380246,-0.168539,-0.89719
0.1,-0.866025,-0.5,-1.06058e-16,-6.12323e-17,-1
0.1,-0.113632,-0.515316,-0.345867,-0.451918,-0.817272
0.1,-0.233116,-0.147957,-0.750272,-0.302492,-0.525519
0.1,-0.44214,-0.43055,-0.380246,-0.168539,-0.89719
0.1,-0.0623855,-0.0842598,-0.545629,-0.354864,0.0438703
0.1,-0.0607915,0.0456269,-0.52639,0.276664,0.582446
0.1,-0.233116,-0.147957,-0.750272,-0.302492,-0.525519
0.1,-0.0375366,-0.241112,-0.488574,-0.763293,-0.352331
0.1,-0.0623855,-0.0842598,-0.545629,-0.354864,0.0438703
0.1,-0.233116,-0.147957,-0.750272,-0.302492,-0.525519
0.1,-0.0375366,-0.241112,-0.488574,-0.763293,-0.352331
0.1,0.112665,-0.0421069,0.408226,-0.787249,0.250662
0.1,-0.0623855,-0.0842598,-0.545629,-0.354864,0.0438703
0.1,-0.5,-0.866025,-6.12323e-17,-1.06058e-16,-1
0.1,-0.113632,-0.515316,-0.345867,-0.451918,-0.817272
0.1,-0.44214,-0.43055,-0.380246,-0.168539,-0.89719
0.1,0.62189,0.402084,0.269339,0.0891175,-0.921043
0.1,0.866025,0.5,1.06058e-16,6.12323e-17,-1
0.1,0.68224,0.683785,3.418e-16,2.68156e-16,-1
0.1,0.349662,0.498142,0.474578,0.283412,-0.809288
0.1,0.62189,0.402084,0.269339,0.0891175,-0.921043
0.1,0.68224,0.683785,3.418e-16,2.68156e-16,-1
0.1,0.421334,0.253628,0.57914,0.0862276,-0.72469
0.1,0.64783,0.103376,0.342818,-0.180288,-0.900123
0.1,0.62189,0.402084,0.269339,0.0891175,-0.921043
0.1,0.216507,0.216998,0.875989,0.332478,-0.284087
0.1,0.348784,-0.0112634,0.747019,-0.434437,-0.465654
0.1,0.421334,0.253628,0.57914,0.0862276,-0.72469
0.1,0.349662,0.498142,0.474578,0.283412,-0.809288
0.1,0.216507,0.216998,0.875989,0.332478,-0.284087
0.1,0.421334,0.253628,0.57914,0.0862276,-0.72469
0.1,0.0421132,0.359989,0.451347,0.692674,-0.55747
0.1,0.0114942,0.222393,0.124286,0.572005,-0.0434892
0.1,0.216507,0.216998,0.875989,0.332478,-0.284087
0.1,0.550957,-0.23719,0.278791,-0.350654,-0.881655
0.1,1,0,1.22465e-16,-3.94419e-33,-1
0.1,0.64783,0.103376,0.342818,-0.180288,-0.900123
0.1,0.180784,-0.271297,0.000356476,-0.809428,-0.550318
0.1,-0.0375366,-0.241112,-0.488574,-0.763293,-0.352331
0.1,-0.113632,-0.515316,-0.345867,-0.451918,-0.817272
0.1,0.280408,-0.549674,-0.0912948,-0.448246,-0.88065
0.1,0.180784,-0.271297,0.000356476,-0.809428,-0.550318
0.1,-0.113632,-0.515316,-0.345867,-0.451918,-0.817272
0.1,-1.83697e-16,-1,-3.52644e-32,-1.22465e-16,-1
0.1,0.280408,-0.549674,-0.0912948,-0.448246,-0.88065
0.1,-0.113632,-0.515316,-0.345867,-0.451918,-0.817272
0.1,0.5,-0.866025,6.12323e-17,-1.06058e-16,-1
0.1,0.866025,-0.5,1.06058e-16,-6.12323e-17,-1
0.1,0.280408,-0.549674,-0.0912948,-0.448246,-0.88065
0.1,0.550957,-0.23719,0.278791,-0.350654,-0.881655
0.1,0.348784,-0.0112634,0.747019,-0.434437,-0.465654
0.1,0.180784,-0.271297,0.000356476,-0.809428,-0.550318
0.1,1,0,1.22465e-16,-3.94419e-33,-1
0.1,0.550957,-0.23719,0.278791,-0.350654,-0.881655
0.1,0.866025,-0.5,1.06058e-16,-6.12323e-17,-1
0.1,1,0,1.22465e-16,-3.94419e-33,-1
0.1,0.866025,0.5,1.06058e-16,6.12323e-17,-1
0.1,0.64783,0.103376,0.342818,-0.180288,-0.900123
0.1,0.866025,-0.5,1.06058e-16,-6.12323e-17,-1
0.1,0.550957,-0.23719,0.278791,-0.350654,-0.881655
0.1,0.280408,-0.549674,-0.0912948,-0.448246,-0.88065
0.1,0.280408,-0.549674,-0.0912948,-0.448246,-0.88065
0.1,-1.83697e-16,-1,-3.52644e-32,-1.22465e-16,-1
0.1,0.5,-0.866025,6.12323e-17,-1.06058e-16,-1
0.1,-0.233116,-0.147957,-0.750272,-0.302492,-0.525519
0.1,-0.113632,-0.515316,-0.345867,-0.451918,-0.817272
0.1,-0.0375366,-0.241112,-0.488574,-0.763293,-0.352331
0.1,-0.5,-0.866025,-6.12323e-17,-1.06058e-16,-1
0.1,-1.83697e-16,-1,-3.52644e-32,-1.22465e-16,-1
0.1,-0.113632,-0.515316,-0.345867,-0.451918,-0.817272
0.1,0.180784,-0.271297,0.000356476,-0.809428,-0.550318
0.1,0.280408,-0.549674,-0.0912948,-0.448246,-0.88065
0.1,0.550957,-0.23719,0.278791,-0.350654,-0.881655
0.1,-0.47499,0.54543,-0.0582819,0.19101,-0.977674
0.1,-0.554789,0.241331,-0.307706,0.267392,-0.894674
0.1,-0.175991,0.5271,0.0456479,0.481623,-0.86476
0.15,-0.53823,-0.074046,-0.331039,0.0974826,-0.923
0.15,-1,5.66554e-16,-1.22465e-16,8.42612e-32,-1
0.15,-0.866025,-0.5,-1.06058e-16,-6.12323e-17,-1
0.15,-0.0734071,0.332946,0.136828,0.442632,-0.795593
0.15,-0.213698,0.528771,0.0976489,0.318657,-0.940369
0.15,-0.293093,0.202593,-0.4116,0.464971,-0.759558
0.15,-0.1259,0.150836,-0.468116,0.58757,-0.576683
0.15,-0.0734071,0.332946,0.136828,0.442632,-0.795593
0.15,-0.293093,0.202593,-0.4116,0.464971,-0.759558
0.15,0.136309,0.370056,0.440827,0.318073,-0.814403
0.15,0.403132,0.491831,0.320347,0.0516866,-0.941526
0.15,0.121125,0.622041,0.269703,0.232877,-0.928253
0.15,0.0160539,0.19946,0.314194,0.513605,-0.662304
0.15,0.136309,0.370056,0.440827,0.318073,-0.814403
0.15,-0.0734071,0.332946,0.136828,0.442632,-0.795593
0.15,0.0160539,0.19946,0.314194,0.513605,-0.662304
0.15,0.216623,0.241599,0.642915,0.166619,-0.737684
0.15,0.136309,0.370056,0.440827,0.318073,-0.814403
0.15,-0.866025,0.5,-1.06058e-16,6.12323e-17,-1
0.15,-1,5.66554e-16,-1.22465e-16,8.42612e-32,-1
0.15,-0.543076,0.290271,-0.192263,0.233646,-0.950422
0.15,-0.53823,-0.074046,-0.331039,0.0974826,-0.923
0.15,-0.866025,-0.5,-1.06058e-16,-6.12323e-17,-1
0.15,-0.441328,-0.411645,-0.304884,-0.0819022,-0.946272
0.15,-0.244495,-0.195847,-0.598387,-0.12149,-0.778883
0.15,-0.53823,-0.074046,-0.331039,0.0974826,-0.923
0.15,-0.441328,-0.411645,-0.304884,-0.0819022,-0.946272
0.15,-0.543076,0.290271,-0.192263,0.233646,-0.950422
0.15,-1,5.66554e-16,-1.22465e-16,8.42612e-32,-1
0.15,-0.53823,-0.074046,-0.331039,0.0974826,-0.923
0.15,0.121125,0.622041,0.269703,0.232877,-0.928253
0.15,0.5,0.866025,6.12323e-17,1.06058e-16,-1
0.15,6.12323e-17,1,3.54191e-32,1.22465e-16,-1
0.15,-0.5,0.866025,-2.83277e-16,4.9065e-16,-1
0.15,-0.213698,0.528771,0.0976489,0.318657,-0.940369
0.15,6.12323e-17,1,3.54191e-32,1.22465e-16,-1
0.15,0.121125,0.622041,0.269703,0.232877,-0.928253
0.15,-0.0734071,0.332946,0.136828,0.442632,-0.795593
0.15,0.136309,0.370056,0.440827,0.318073,-0.814403
0.15,-0.213698,0.528771,0.0976489,0.318657,-0.940369
0.15,-0.0734071,0.332946,0.136828,0.442632,-0.795593
0.15,0.121125,0.622041,0.269703,0.232877,-0.928253
0.15,-0.074659,-0.0778287,-0.837149,-0.20877,-0.397297
0.15,-0.244495,-0.195847,-0.598387,-0.12149,-0.778883
0.15,-0.0325461,-0.225735,-0.478406,-0.469401,-0.706836
0.15,-0.293093,0.202593,-0.4116,0.464971,-0.759558
0.15,-0.239475,0.0159065,-0.565835,0.212369,-0.723929
0.15,-0.1259,0.150836,-0.468116,0.58757,-0.576683
0.15,-0.5,-0.866025,-6.12323e-17,-1.06058e-16,-1
0.15,-0.441328,-0.411645,-0.304884,-0.0819022,-0.946272
0.15,-0.866025,-0.5,-1.06058e-16,-6.12323e-17,-1
0.15,-0.5,-0.866025,-6.12323e-17,-1.06058e-16,-1
0.15,-1.83697e-16,-1,-4.00441e-32,-1.22465e-16,-1
0.15,-0.108225,-0.502382,-0.341881,-0.302378,-0.887007
0.15,0.136309,0.370056,0.440827,0.318073,-0.814403
0.15,0.216623,0.241599,0.642915,0.166619,-0.737684
0.15,0.403132,0.491831,0.320347,0.0516866,-0.941526
0.15,0.5,-0.866025,6.12323e-17,-1.06058e-16,-1
0.15,0.264396,-0.534179,-0.0809124,-0.337923,-0.932964
0.15,-1.83697e-16,-1,-4.00441e-32,-1.22465e-16,-1
0.15,0.442516,0.244615,0.512704,-0.0810709,-0.850013
0.15,0.656553,0.122041,0.258866,-0.132172,-0.954845
0.15,0.866025,0.5,1.06058e-16,6.12323e-17,-1
0.15,0.403132,0.491831,0.320347,0.0516866,-0.941526
0.15,0.442516,0.244615,0.512704,-0.0810709,-0.850013
0.15,0.866025,0.5,1.06058e-16,6.12323e-17,-1
0.15,0.195363,0.0874384,0.509154,-0.329441,-0.563886
0.15,0.109408,-0.0751389,0.245367,-0.847963,-0.357006
0.15,0.333107,-0.0165864,0.390082,-0.548719,-0.724302
0.15,0.442516,0.244615,0.512704,-0.0810709,-0.850013
0.15,0.195363,0.0874384,0.509154,-0.329441,-0.563886
0.15,0.333107,-0.0165864,0.390082,-0.548719,-0.724302
0.15,0.216623,0.241599,0.642915,0.166619,-0.737684
0.15,0.0624732,0.117452,0.584906,0.333924,-0.346668
0.15,0.195363,0.0874384,0.509154,-0.329441,-0.563886
0.15,-0.074659,-0.0778287,-0.837149,-0.20877,-0.397297
0.15,-0.0325461,-0.225735,-0.478406,-0.469401,-0.706836
0.15,0.109408,-0.0751389,0.245367,-0.847963,-0.357006
0.15,-0.0706952,0.0495746,-0.868489,0.432827,0.03254
0.15,-0.1259,0.150836,-0.468116,0.58757,-0.576683
0.15,-0.239475,0.0159065,-0.565835,0.212369,-0.723929
0.15,0.0352595,0.0102816,-0.167234,-0.245597,-0.128331
0.15,-0.0706952,0.0495746,-0.868489,0.432827,0.03254
0.15,-0.074659,-0.0778287,-0.837149,-0.20877,-0.397297
0.15,0.109408,-0.0751389,0.245367,-0.847963,-0.357006
0.15,0.0352595,0.0102816,-0.167234,-0.245597,-0.128331
0.15,-0.074659,-0.0778287,-0.837149,-0.20877,-0.397297
0.15,0.109408,-0.0751389,0.245367,-0.847963,-0.357006
0.15,0.195363,0.0874384,0.509154,-0.329441,-0.563886
0.15,0.0352595,0.0102816,-0.167234,-0.245597,-0.128331
0.15,0.0624732,0.117452,0.584906,0.333924,-0.346668
0.15,0.0160539,0.19946,0.314194,0.513605,-0.662304
0.15,-0.0706952,0.0495746,-0.868489,0.432827,0.03254
0.15,-0.0706952,0.0495746,-0.868489,0.432827,0.03254
0.15,-0.239475,0.0159065,-0.565835,0.212369,-0.723929
0.15,-0.074659,-0.0778287,-0.837149,-0.20877,-0.397297
0.15,-0.108225,-0.502382,-0.341881,-0.302378,-0.887007
0.15,-1.83697e-16,-1,-4.00441e-32,-1.22465e-16,-1
0.15,0.264396,-0.534179,-0.0809124,-0.337923,-0.932964
0.15,0.528862,-0.226946,0.141431,-0.372948,-0.91054
0.15,0.264396,-0.534179,-0.0809124,-0.337923,-0.932964
0.15,0.866025,-0.5,1.06058e-16,-6.12323e-17,-1
0.15,1,0,1.22465e-16,-5.15871e-33,-1
0.15,0.528862,-0.226946,0.141431,-0.372948,-0.91054
0.15,0.866025,-0.5,1.06058e-16,-6.12323e-17,-1
0.15,0.656553,0.122041,0.258866,-0.132172,-0.954845
0.15,0.333107,-0.0165864,0.390082,-0.548719,-0.724302
0.15,0.528862,-0.226946,0.141431,-0.372948,-0.91054
0.15,-0.108225,-0.502382,-0.341881,-0.302378,-0.887007
0.15,-0.441328,-0.411645,-0.304884,-0.0819022,-0.946272
0.15,-0.5,-0.866025,-6.12323e-17,-1.06058e-16,-1
0.15,0.528862,-0.226946,0.141431,-0.372948,-0.91054
0.15,1,0,1.22465e-16,-5.15871e-33,-1
0.15,0.656553,0.122041,0.258866,-0.132172,-0.954845
0.15,-0.244495,-0.195847,-0.598387,-0.12149,-0.778883
0.15,-0.441328,-0.411645,-0.304884,-0.0819022,-0.946272
0.15,-0.108225,-0.502382,-0.341881,-0.302378,-0.887007
0.15,-0.0325461,-0.225735,-0.478406,-0.469401,-0.706836
0.15,-0.244495,-0.195847,-0.598387,-0.12149,-0.778883
0.15,-0.108225,-0.502382,-0.341881,-0.302378,-0.887007
0.15,-0.239475,0.0159065,-0.565835,0.212369,-0.723929
0.15,-0.293093,0.202593,-0.4116,0.464971,-0.759558
0.15,-0.53823,-0.074046,-0.331039,0.0974826,-0.923
0.15,-0.244495,-0.195847,-0.598387,-0.12149,-0.778883
0.15,-0.239475,0.0159065,-0.565835,0.212369,-0.723929
0.15,-0.53823,-0.074046,-0.331039,0.0974826,-0.923
0.15,-0.244495,-0.195847,-0.598387,-0.12149,-0.778883
0.15,-0.074659,-0.0778287,-0.837149,-0.20877,-0.397297
0.15,-0.239475,0.0159065,-0.565835,0.212369,-0.723929
0.15,0.403132,0.491831,0.320347,0.0516866,-0.941526
0.15,0.866025,0.5,1.06058e-16,6.12323e-17,-1
0.15,0.5,0.866025,6.12323e-17,1.06058e-16,-1
0.15,0.121125,0.622041,0.269703,0.232877,-0.928253
0.15,0.403132,0.491831,0.320347,0.0516866,-0.941526
0.15,0.5,0.866025,6.12323e-17,1.06058e-16,-1
0.15,0.216623,0.241599,0.642915,0.166619,-0.737684
0.15,0.442516,0.244615,0.512704,-0.0810709,-0.850013
0.15,0.403132,0.491831,0.320347,0.0516866,-0.941526
0.15,0.0624732,0.117452,0.584906,0.333924,-0.346668
0.15,-0.0706952,0.0495746,-0.868489,0.432827,0.03254
0.15,0.0352595,0.0102816,-0.167234,-0.245597,-0.128331
0.15,0.656553,0.122041,0.258866,-0.132172,-0.954845
0.15,1,0,1.22465e-16,-5.15871e-33,-1
0.15,0.866025,0.5,1.06058e-16,6.12323e-17,-1
0.15,0.333107,-0.0165864,0.390082,-0.548719,-0.724302
0.15,0.656553,0.122041,0.258866,-0.132172,-0.954845
0.15,0.442516,0.244615,0.512704,-0.0810709,-0.850013
0.15,0.333107,-0.0165864,0.390082,-0.548719,-0.724302
0.15,0.1713,-0.252026,-0.0616252,-0.661347,-0.71895
0.15,0.528862,-0.226946,0.141431,-0.372948,-0.91054
0.15,0.216623,0.241599,0.642915,0.166619,-0.737684
0.15,0.195363,0.0874384,0.509154,-0.329441,-0.563886
0.15,0.442516,0.244615,0.512704,-0.0810709,-0.850013
0.15,0.109408,-0.0751389,0.245367,-0.847963,-0.357006
0.15,-0.0325461,-0.225735,-0.478406,-0.469401,-0.706836
0.15,0.1713,-0.252026,-0.0616252,-0.661347,-0.71895
0.15,0.0624732,0.117452,0.584906,0.333924,-0.346668
0.15,0.0352595,0.0102816,-0.167234,-0.245597,-0.128331
0.15,0.195363,0.0874384,0.509154,-0.329441,-0.563886
0.15,0.0160539,0.19946,0.314194,0.513605,-0.662304
0.15,0.0624732,0.117452,0.584906,0.333924,-0.346668
0.15,0.216623,0.241599,0.642915,0.166619,-0.737684
0.15,0.0160539,0.19946,0.314194,0.513605,-0.662304
0.15,-0.1259,0.150836,-0.468116,0.58757,-0.576683
0.15,-0.0706952,0.0495746,-0.868489,0.432827,0.03254
0.15,0.264396,-0.534179,-0.0809124,-0.337923,-0.932964
0.15,0.5,-0.866025,6.12323e-17,-1.06058e-16,-1
0.15,0.866025,-0.5,1.06058e-16,-6.12323e-17,-1
0.15,0.1713,-0.252026,-0.0616252,-0.661347,-0.71895
0.15,0.264396,-0.534179,-0.0809124,-0.337923,-0.932964
0.15,0.528862,-0.226946,0.141431,-0.372948,-0.91054
0.15,0.109408,-0.0751389,0.245367,-0.847963,-0.357006
0.15,0.1713,-0.252026,-0.0616252,-0.661347,-0.71895
0.15,0.333107,-0.0165864,0.390082,-0.548719,-0.724302
0.15,-0.0325461,-0.225735,-0.478406,-0.469401,-0.706836
0.15,-0.108225,-0.502382,-0.341881,-0.302378,-0.887007
0.15,0.1713,-0.252026,-0.0616252,-0.661347,-0.71895
0.15,0.1713,-0.252026,-0.0616252,-0.661347,-0.71895
0.15,-0.108225,-0.502382,-0.341881,-0.302378,-0.887007
0.15,0.264396,-0.534179,-0.0809124,-0.337923,-0.932964
0.15,-0.5,0.866025,-2.83277e-16,4.9065e-16,-1
0.15,-0.866025,0.5,-1.06058e-16,6.12323e-17,-1
0.15,-0.543076,0.290271,-0.192263,0.233646,-0.950422
0.15,-0.213698,0.528771,0.0976489,0.318657,-0.940369
0.15,0.121125,0.622041,0.269703,0.232877,-0.928253
0.15,6.12323e-17,1,3.54191e-32,1.22465e-16,-1
0.15,-0.543076,0.290271,-0.192263,0.233646,-0.950422
0.15,-0.213698,0.528771,0.0976489,0.318657,-0.940369
0.15,-0.5,0.866025,-2.83277e-16,4.9065e-16,-1
0.15,-0.0734071,0.332946,0.136828,0.442632,-0.795593
0.15,-0.1259,0.150836,-0.468116,0.58757,-0.576683
0.15,0.0160539,0.19946,0.314194,0.513605,-0.662304
0.15,-0.543076,0.290271,-0.192263,0.233646,-0.950422
0.15,-0.293093,0.202593,-0.4116,0.464971,-0.759558
0.15,-0.213698,0.528771,0.0976489,0.318657,-0.940369
0.15,-0.543076,0.290271,-0.192263,0.233646,-0.950422
0.15,-0.53823,-0.074046,-0.331039,0.0974826,-0.923
0.15,-0.293093,0.202593,-0.4116,0.464971,-0.759558
0.2,-0.0318041,-0.230262,-0.353509,-0.0552137,-0.933446
0.2,-0.104929,-0.505379,-0.282424,-0.0952322,-0.954153
0.2,0.175808,-0.242887,-0.241394,-0.27666,-0.929262
0.2,-0.249167,0.514781,0.0493674,0.137153,-0.988231
0.2,-0.866025,0.5,-1.06058e-16,6.12323e-17,-1
0.2,-0.550054,0.26821,-0.0773619,0.18621,-0.978479
0.2,-0.446192,-0.405008,-0.252243,0.0218158,-0.967019
0.2,-0.53014,-0.0743058,-0.234307,0.147145,-0.960586
0.2,-0.866025,-0.5,-1.06058e-16,-6.12323e-17,-1
0.2,-0.0120957,0.330513,0.101838,0.0597082,-0.987378
0.2,-0.291628,0.187849,-0.0897486,0.240588,-0.964324
0.2,-0.120746,0.139339,-0.221758,0.233987,-0.939526
0.2,0.0169591,0.196178,0.0155934,0.0397943,-0.997589
0.2,-0.0120957,0.330513,0.101838,0.0597082,-0.987378
0.2,-0.120746,0.139339,-0.221758,0.233987,-0.939526
0.2,-0.239335,0.0049734,-0.325608,0.275105,-0.90356
0.2,-0.0833288,0.0424086,-0.442831,0.308397,-0.840758
0.2,-0.120746,0.139339,-0.221758,0.233987,-0.939526
0.2,0.207393,0.255024,0.164613,-0.160091,-0.972609
0.2,0.392125,0.4684,0.21492,-0.0943329,-0.971234
0.2,-0.0120957,0.330513,0.101838,0.0597082,-0.987378
0.2,0.0496181,0.113719,-0.0615546,0.105359,-0.97994
0.2,0.207393,0.255024,0.164613,-0.160091,-0.972609
0.2,0.0169591,0.196178,0.0155934,0.0397943,-0.997589
0.2,0.446573,0.255909,0.147789,-0.228791,-0.96128
0.2,0.392125,0.4684,0.21492,-0.0943329,-0.971234
0.2,0.207393,0.255024,0.164613,-0.160091,-0.972609
0.2,-0.249167,0.514781,0.0493674,0.137153,-0.988231
0.2,-0.5,0.866025,-2.83277e-16,4.9065e-16,-1
0.2,-0.866025,0.5,-1.06058e-16,6.12323e-17,-1
0.2,-0.291628,0.187849,-0.0897486,0.240588,-0.964324
0.2,-0.249167,0.514781,0.0493674,0.137153,-0.988231
0.2,-0.550054,0.26821,-0.0773619,0.18621,-0.978479
0.2,0.13316,0.600581,0.185469,-0.0109149,-0.982292
0.2,6.12323e-17,1,3.86958e-32,1.22465e-16,-1
0.2,-0.249167,0.514781,0.0493674,0.137153,-0.988231
0.2,-0.53014,-0.0743058,-0.234307,0.147145,-0.960586
0.2,-1,5.66554e-16,-1.22465e-16,8.86982e-32,-1
0.2,-0.866025,-0.5,-1.06058e-16,-6.12323e-17,-1
0.2,-0.2401,-0.197474,-0.362515,0.0980322,-0.926482
0.2,-0.239335,0.0049734,-0.325608,0.275105,-0.90356
0.2,-0.53014,-0.0743058,-0.234307,0.147145,-0.960586
0.2,-0.104929,-0.505379,-0.282424,-0.0952322,-0.954153
0.2,-0.2401,-0.197474,-0.362515,0.0980322,-0.926482
0.2,-0.446192,-0.405008,-0.252243,0.0218158,-0.967019
0.2,-0.0680721,-0.0703979,-0.340948,0.167692,-0.921152
0.2,-0.239335,0.0049734,-0.325608,0.275105,-0.90356
0.2,-0.2401,-0.197474,-0.362515,0.0980322,-0.926482
0.2,-0.550054,0.26821,-0.0773619,0.18621,-0.978479
0.2,-1,5.66554e-16,-1.22465e-16,8.86982e-32,-1
0.2,-0.53014,-0.0743058,-0.234307,0.147145,-0.960586
0.2,-0.0120957,0.330513,0.101838,0.0597082,-0.987378
0.2,-0.249167,0.514781,0.0493674,0.137153,-0.988231
0.2,-0.291628,0.187849,-0.0897486,0.240588,-0.964324
0.2,-0.866025,0.5,-1.06058e-16,6.12323e-17,-1
0.2,-1,5.66554e-16,-1.22465e-16,8.86982e-32,-1
0.2,-0.550054,0.26821,-0.0773619,0.18621,-0.978479
0.2,-0.249167,0.514781,0.0493674,0.137153,-0.988231
0.2,6.12323e-17,1,3.86958e-32,1.22465e-16,-1
0.2,-0.5,0.866025,-2.83277e-16,4.9065e-16,-1
0.2,0.13316,0.600581,0.185469,-0.0109149,-0.982292
0.2,0.392125,0.4684,0.21492,-0.0943329,-0.971234
0.2,0.5,0.866025,6.12323e-17,1.06058e-16,-1
0.2,6.12323e-17,1,3.86958e-32,1.22465e-16,-1
0.2,0.13316,0.600581,0.185469,-0.0109149,-0.982292
0.2,0.5,0.866025,6.12323e-17,1.06058e-16,-1
0.2,-0.446192,-0.405008,-0.252243,0.0218158,-0.967019
0.2,-0.866025,-0.5,-1.06058e-16,-6.12323e-17,-1
0.2,-0.5,-0.866025,-6.12323e-17,-1.06058e-16,-1
0.2,-1.83697e-16,-1,-4.48821e-32,-1.22465e-16,-1
0.2,-0.104929,-0.505379,-0.282424,-0.0952322,-0.954153
0.2,-0.5,-0.866025,-6.12323e-17,-1.06058e-16,-1
0.2,-0.0318041,-0.230262,-0.353509,-0.0552137,-0.933446
0.2,-0.0680721,-0.0703979,-0.340948,0.167692,-0.921152
0.2,-0.2401,-0.197474,-0.362515,0.0980322,-0.926482
0.2,-0.104929,-0.505379,-0.282424,-0.0952322,-0.954153
0.2,-0.0318041,-0.230262,-0.353509,-0.0552137,-0.933446
0.2,-0.2401,-0.197474,-0.362515,0.0980322,-0.926482
0.2,-0.5,-0.866025,-6.12323e-17,-1.06058e-16,-1
0.2,-0.104929,-0.505379,-0.282424,-0.0952322,-0.954153
0.2,-0.446192,-0.405008,-0.252243,0.0218158,-0.967019
0.2,-1.83697e-16,-1,-4.48821e-32,-1.22465e-16,-1
0.2,0.5,-0.866025,6.12323e-17,-1.06058e-16,-1
0.2,0.276527,-0.517456,-0.146405,-0.237319,-0.959893
0.2,0.111028,-0.0778587,-0.176765,-0.304332,-0.935962
0.2,0.048715,0.016499,-0.0478482,0.230166,-0.968087
0.2,-0.0680721,-0.0703979,-0.340948,0.167692,-0.921152
0.2,0.392125,0.4684,0.21492,-0.0943329,-0.971234
0.2,0.13316,0.600581,0.185469,-0.0109149,-0.982292
0.2,-0.0120957,0.330513,0.101838,0.0597082,-0.987378
0.2,0.0496181,0.113719,-0.0615546,0.105359,-0.97994
0.2,0.203036,0.0933053,-0.0206266,-0.0780416,-0.995792
0.2,0.207393,0.255024,0.164613,-0.160091,-0.972609
0.2,0.111028,-0.0778587,-0.176765,-0.304332,-0.935962
0.2,0.203036,0.0933053,-0.0206266,-0.0780416,-0.995792
0.2,0.048715,0.016499,-0.0478482,0.230166,-0.968087
0.2,0.324523,-0.00841627,-0.02792,-0.284967,-0.956258
0.2,0.446573,0.255909,0.147789,-0.228791,-0.96128
0.2,0.203036,0.0933053,-0.0206266,-0.0780416,-0.995792
0.2,0.866025,0.5,1.06058e-16,6.12323e-17,-1
0.2,0.5,0.866025,6.12323e-17,1.06058e-16,-1
0.2,0.392125,0.4684,0.21492,-0.0943329,-0.971234
0.2,0.516907,-0.20655,-0.0296008,-0.280039,-0.959326
0.2,0.276527,-0.517456,-0.146405,-0.237319,-0.959893
0.2,0.866025,-0.5,1.06058e-16,-6.12323e-17,-1
0.2,0.516907,-0.20655,-0.0296008,-0.280039,-0.959326
0.2,0.175808,-0.242887,-0.241394,-0.27666,-0.929262
0.2,0.276527,-0.517456,-0.146405,-0.237319,-0.959893
0.2,1,0,1.22465e-16,-1.33799e-32,-1
0.2,0.516907,-0.20655,-0.0296008,-0.280039,-0.959326
0.2,0.866025,-0.5,1.06058e-16,-6.12323e-17,-1
0.2,0.175808,-0.242887,-0.241394,-0.27666,-0.929262
0.2,0.111028,-0.0778587,-0.176765,-0.304332,-0.935962
0.2,-0.0318041,-0.230262,-0.353509,-0.0552137,-0.933446
0.2,0.324523,-0.00841627,-0.02792,-0.284967,-0.956258
0.2,0.111028,-0.0778587,-0.176765,-0.304332,-0.935962
0.2,0.175808,-0.242887,-0.241394,-0.27666,-0.929262
0.2,1,0,1.22465e-16,-1.33799e-32,-1
0.2,0.643885,0.139735,0.111427,-0.219722,-0.968446
0.2,0.516907,-0.20655,-0.0296008,-0.280039,-0.959326
0.2,0.0169591,0.196178,0.0155934,0.0397943,-0.997589
0.2,0.207393,0.255024,0.164613,-0.160091,-0.972609
0.2,-0.0120957,0.330513,0.101838,0.0597082,-0.987378
0.2,0.643885,0.139735,0.111427,-0.219722,-0.968446
0.2,0.446573,0.255909,0.147789,-0.228791,-0.96128
0.2,0.324523,-0.00841627,-0.02792,-0.284967,-0.956258
0.2,0.516907,-0.20655,-0.0296008,-0.280039,-0.959326
0.2,0.643885,0.139735,0.111427,-0.219722,-0.968446
0.2,0.324523,-0.00841627,-0.02792,-0.284967,-0.956258
0.2,1,0,1.22465e-16,-1.33799e-32,-1
0.2,0.866025,0.5,1.06058e-16,6.12323e-17,-1
0.2,0.643885,0.139735,0.111427,-0.219722,-0.968446
0.2,0.866025,0.5,1.06058e-16,6.12323e-17,-1
0.2,0.392125,0.4684,0.21492,-0.0943329,-0.971234
0.2,0.446573,0.255909,0.147789,-0.228791,-0.96128
0.2,-0.53014,-0.0743058,-0.234307,0.147145,-0.960586
0.2,-0.239335,0.0049734,-0.325608,0.275105,-0.90356
0.2,-0.291628,0.187849,-0.0897486,0.240588,-0.964324
0.2,-0.550054,0.26821,-0.0773619,0.18621,-0.978479
0.2,-0.53014,-0.0743058,-0.234307,0.147145,-0.960586
0.2,-0.291628,0.187849,-0.0897486,0.240588,-0.964324
0.2,-0.0318041,-0.230262,-0.353509,-0.0552137,-0.933446
0.2,0.111028,-0.0778587,-0.176765,-0.304332,-0.935962
0.2,-0.0680721,-0.0703979,-0.340948,0.167692,-0.921152
0.2,0.516907,-0.20655,-0.0296008,-0.280039,-0.959326
0.2,0.324523,-0.00841627,-0.02792,-0.284967,-0.956258
0.2,0.175808,-0.242887,-0.241394,-0.27666,-0.929262
0.2,-0.0833288,0.0424086,-0.442831,0.308397,-0.840758
0.2,-0.0680721,-0.0703979,-0.340948,0.167692,-0.921152
0.2,0.048715,0.016499,-0.0478482,0.230166,-0.968087
0.2,-0.291628,0.187849,-0.0897486,0.240588,-0.964324
0.2,-0.239335,0.0049734,-0.325608,0.275105,-0.90356
0.2,-0.120746,0.139339,-0.221758,0.233987,-0.939526
0.2,-0.53014,-0.0743058,-0.234307,0.147145,-0.960586
0.2,-0.446192,-0.405008,-0.252243,0.0218158,-0.967019
0.2,-0.2401,-0.197474,-0.362515,0.0980322,-0.926482
0.2,-0.0833288,0.0424086,-0.442831,0.308397,-0.840758
0.2,0.0496181,0.113719,-0.0615546,0.105359,-0.97994
0.2,-0.120746,0.139339,-0.221758,0.233987,-0.939526
0.2,-0.0680721,-0.0703979,-0.340948,0.167692,-0.921152
0.2,-0.0833288,0.0424086,-0.442831,0.308397,-0.840758
0.2,-0.239335,0.0049734,-0.325608,0.275105,-0.90356
0.2,0.048715,0.016499,-0.0478482,0.230166,-0.968087
0.2,0.0496181,0.113719,-0.0615546,0.105359,-0.97994
0.2,-0.0833288,0.0424086,-0.442831,0.308397,-0.840758
0.2,0.324523,-0.00841627,-0.02792,-0.284967,-0.956258
0.2,0.203036,0.0933053,-0.0206266,-0.0780416,-0.995792
0.2,0.111028,-0.0778587,-0.176765,-0.304332,-0.935962
0.2,0.0496181,0.113719,-0.0615546,0.105359,-0.97994
0.2,0.0169591,0.196178,0.0155934,0.0397943,-0.997589
0.2,-0.120746,0.139339,-0.221758,0.233987,-0.939526
0.2,0.203036,0.0933053,-0.0206266,-0.0780416,-0.995792
0.2,0.0496181,0.113719,-0.0615546,0.105359,-0.97994
0.2,0.048715,0.016499,-0.0478482,0.230166,-0.968087
0.2,0.203036,0.0933053,-0.0206266,-0.0780416,-0.995792
0.2,0.446573,0.255909,0.147789,-0.228791,-0.96128
0.2,0.207393,0.255024,0.164613,-0.160091,-0.972609
0.2,-0.0120957,0.330513,0.101838,0.0597082,-0.987378
0.2,0.13316,0.600581,0.185469,-0.0109149,-0.982292
0.2,-0.249167,0.514781,0.0493674,0.137153,-0.988231
0.2,0.643885,0.139735,0.111427,-0.219722,-0.968446
0.2,0.866025,0.5,1.06058e-16,6.12323e-17,-1
0.2,0.446573,0.255909,0.147789,-0.228791,-0.96128
0.2,0.276527,-0.517456,-0.146405,-0.237319,-0.959893
0.2,0.5,-0.866025,6.12323e-17,-1.06058e-16,-1
0.2,0.866025,-0.5,1.06058e-16,-6.12323e-17,-1
0.2,-0.104929,-0.505379,-0.282424,-0.0952322,-0.954153
0.2,0.276527,-0.517456,-0.146405,-0.237319,-0.959893
0.2,0.175808,-0.242887,-0.241394,-0.27666,-0.929262
0.2,-0.104929,-0.505379,-0.282424,-0.0952322,-0.954153
0.2,-1.83697e-16,-1,-4.48821e-32,-1.22465e-16,-1
0.2,0.276527,-0.517456,-0.146405,-0.237319,-0.959893
0.25,-0.455851,0.27745,0.0058044,0.066562,-0.99732
0.25,-0.866025,0.5,-1.06058e-16,6.12323e-17,-1
0.25,-1,5.66554e-16,-1.22465e-16,9.27738e-32,-1
0.25,-0.546639,-0.0883854,-0.0559707,0.140439,-0.987965
0.25,-0.455851,0.27745,0.0058044,0.066562,-0.99732
0.25,-1,5.66554e-16,-1.22465e-16,9.27738e-32,-1
0.25,-0.866025,-0.5,-1.06058e-16,-6.12323e-17,-1
0.25,-0.546639,-0.0883854,-0.0559707,0.140439,-0.987965
0.25,-1,5.66554e-16,-1.22465e-16,9.27738e-32,-1
0.25,-0.246466,-0.203571,-0.106431,0.132993,-0.985378
0.25,-0.0778111,-0.0794433,-0.0489942,0.0234008,-0.997997
0.25,-0.22606,0.0106809,0.00996593,0.0720307,-0.99667
0.25,-0.159029,0.146481,0.035645,0.0391777,-0.997692
0.25,-0.0355304,0.30411,-0.00843388,-0.0198391,-0.999108
0.25,-0.455851,0.27745,0.0058044,0.066562,-0.99732
0.25,-0.5,0.866025,-2.83277e-16,4.9065e-16,-1
0.25,-0.866025,0.5,-1.06058e-16,6.12323e-17,-1
0.25,-0.455851,0.27745,0.0058044,0.066562,-0.99732
0.25,-0.22606,0.0106809,0.00996593,0.0720307,-0.99667
0.25,-0.455851,0.27745,0.0058044,0.066562,-0.99732
0.25,-0.546639,-0.0883854,-0.0559707,0.140439,-0.987965
0.25,0.0274873,0.0148979,-0.137668,-0.153597,-0.971477
0.25,0.0475077,0.125496,-0.0610588,-0.0687115,-0.995366
0.25,-0.22606,0.0106809,0.00996593,0.0720307,-0.99667
0.25,0.104877,-0.0679924,-0.167821,0.100721,-0.975876
0.25,0.0274873,0.0148979,-0.137668,-0.153597,-0.971477
0.25,-0.0778111,-0.0794433,-0.0489942,0.0234008,-0.997997
0.25,0.0475077,0.125496,-0.0610588,-0.0687115,-0.995366
0.25,-0.159029,0.146481,0.035645,0.0391777,-0.997692
0.25,-0.22606,0.0106809,0.00996593,0.0720307,-0.99667
0.25,0.248131,0.106506,-0.0829804,-0.131873,-0.987439
0.25,0.0475077,0.125496,-0.0610588,-0.0687115,-0.995366
0.25,0.0274873,0.0148979,-0.137668,-0.153597,-0.971477
0.25,0.248131,0.106506,-0.0829804,-0.131873,-0.987439
0.25,0.332843,0.302395,-0.0681691,-0.0969101,-0.991508
0.25,0.0475077,0.125496,-0.0610588,-0.0687115,-0.995366
0.25,-0.0355304,0.30411,-0.00843388,-0.0198391,-0.999108
0.25,0.114595,0.54918,-0.00132059,-0.0658013,-0.997579
0.25,-0.455851,0.27745,0.0058044,0.066562,-0.99732
0.25,0.0475077,0.125496,-0.0610588,-0.0687115,-0.995366
0.25,-0.0355304,0.30411,-0.00843388,-0.0198391,-0.999108
0.25,-0.159029,0.146481,0.035645,0.0391777,-0.997692
0.25,0.332843,0.302395,-0.0681691,-0.0969101,-0.991508
0.25,0.114595,0.54918,-0.00132059,-0.0658013,-0.997579
0.25,-0.0355304,0.30411,-0.00843388,-0.0198391,-0.999108
0.25,-0.866025,-0.5,-1.06058e-16,-6.12323e-17,-1
0.25,-0.42346,-0.402825,-0.115239,0.109979,-0.98702
0.25,-0.546639,-0.0883854,-0.0559707,0.140439,-0.987965
0.25,0.634143,0.17809,-0.0852286,-0.108528,-0.989686
0.25,0.527824,-0.163178,-0.148312,-0.112694,-0.982306
0.25,1,0,1.22465e-16,-1.47378e-32,-1
0.25,1,0,1.22465e-16,-1.47378e-32,-1
0.25,0.527824,-0.163178,-0.148312,-0.112694,-0.982306
0.25,0.866025,-0.5,1.06058e-16,-6.12323e-17,-1
0.25,0.164675,-0.245207,-0.193911,0.00990084,-0.980835
0.25,0.321962,-0.00655396,-0.14528,-0.0874693,-0.985419
0.25,0.104877,-0.0679924,-0.167821,0.100721,-0.975876
0.25,-0.0778111,-0.0794433,-0.0489942,0.0234008,-0.997997
0.25,-0.246466,-0.203571,-0.106431,0.132993,-0.985378
0.25,-0.0545077,-0.246871,-0.136807,0.0666108,-0.988028
0.25,0.527824,-0.163178,-0.148312,-0.112694,-0.982306
0.25,0.634143,0.17809,-0.0852286,-0.108528,-0.989686
0.25,0.321962,-0.00655396,-0.14528,-0.0874693,-0.985419
0.25,0.280312,-0.516365,-0.187112,-0.044296,-0.981234
0.25,0.527824,-0.163178,-0.148312,-0.112694,-0.982306
0.25,0.164675,-0.245207,-0.193911,0.00990084,-0.980835
0.25,0.280312,-0.516365,-0.187112,-0.044296,-0.981234
0.25,0.866025,-0.5,1.06058e-16,-6.12323e-17,-1
0.25,0.527824,-0.163178,-0.148312,-0.112694,-0.982306
0.25,0.280312,-0.516365,-0.187112,-0.044296,-0.981234
0.25,0.5,-0.866025,6.12323e-17,-1.06058e-16,-1
0.25,0.866025,-0.5,1.06058e-16,-6.12323e-17,-1
0.25,0.104877,-0.0679924,-0.167821,0.100721,-0.975876
0.25,-0.0778111,-0.0794433,-0.0489942,0.0234008,-0.997997
0.25,-0.0545077,-0.246871,-0.136807,0.0666108,-0.988028
0.25,-1.83697e-16,-1,-4.93079e-32,-1.22465e-16,-1
0.25,0.5,-0.866025,6.12323e-17,-1.06058e-16,-1
0.25,0.280312,-0.516365,-0.187112,-0.044296,-0.981234
0.25,0.332843,0.302395,-0.0681691,-0.0969101,-0.991508
0.25,0.248131,0.106506,-0.0829804,-0.131873,-0.987439
0.25,0.634143,0.17809,-0.0852286,-0.108528,-0.989686
0.25,-0.0545077,-0.246871,-0.136807,0.0666108,-0.988028
0.25,0.164675,-0.245207,-0.193911,0.00990084,-0.980835
0.25,0.104877,-0.0679924,-0.167821,0.100721,-0.975876
0.25,-0.246466,-0.203571,-0.106431,0.132993,-0.985378
0.25,-0.42346,-0.402825,-0.115239,0.109979,-0.98702
0.25,-0.0545077,-0.246871,-0.136807,0.0666108,-0.988028
0.25,-0.109764,-0.534845,-0.170076,0.0460256,-0.983249
0.25,0.164675,-0.245207,-0.193911,0.00990084,-0.980835
0.25,-0.0545077,-0.246871,-0.136807,0.0666108,-0.988028
0.25,-0.109764,-0.534845,-0.170076,0.0460256,-0.983249
0.25,0.280312,-0.516365,-0.187112,-0.044296,-0.981234
0.25,0.164675,-0.245207,-0.193911,0.00990084,-0.980835
0.25,-0.5,-0.866025,-6.12323e-17,-1.06058e-16,-1
0.25,-0.109764,-0.534845,-0.170076,0.0460256,-0.983249
0.25,-0.42346,-0.402825,-0.115239,0.109979,-0.98702
0.25,-1.83697e-16,-1,-4.93079e-32,-1.22465e-16,-1
0.25,0.280312,-0.516365,-0.187112,-0.044296,-0.981234
0.25,-0.109764,-0.534845,-0.170076,0.0460256,-0.983249
0.25,0.321962,-0.00655396,-0.14528,-0.0874693,-0.985419
0.25,0.248131,0.106506,-0.0829804,-0.131873,-0.987439
0.25,0.104877,-0.0679924,-0.167821,0.100721,-0.975876
0.25,0.527824,-0.163178,-0.148312,-0.112694,-0.982306
0.25,0.321962,-0.00655396,-0.14528,-0.0874693,-0.985419
0.25,0.164675,-0.245207,-0.193911,0.00990084,-0.980835
0.25,0.866025,0.5,1.06058e-16,6.12323e-17,-1
0.25,0.634143,0.17809,-0.0852286,-0.108528,-0.989686
0.25,1,0,1.22465e-16,-1.47378e-32,-1
0.25,0.866025,0.5,1.06058e-16,6.12323e-17,-1
0.25,0.332843,0.302395,-0.0681691,-0.0969101,-0.991508
0.25,0.634143,0.17809,-0.0852286,-0.108528,-0.989686
0.25,0.248131,0.106506,-0.0829804,-0.131873,-0.987439
0.25,0.0274873,0.0148979,-0.137668,-0.153597,-0.971477
0.25,0.104877,-0.0679924,-0.167821,0.100721,-0.975876
0.25,0.634143,0.17809,-0.0852286,-0.108528,-0.989686
0.25,0.248131,0.106506,-0.0829804,-0.131873,-0.987439
0.25,0.321962,-0.00655396,-0.14528,-0.0874693,-0.985419
0.25,0.332843,0.302395,-0.0681691,-0.0969101,-0.991508
0.25,-0.0355304,0.30411,-0.00843388,-0.0198391,-0.999108
0.25,0.0475077,0.125496,-0.0610588,-0.0687115,-0.995366
0.25,0.5,0.866025,6.12323e-17,1.06058e-16,-1
0.25,0.114595,0.54918,-0.00132059,-0.0658013,-0.997579
0.25,0.332843,0.302395,-0.0681691,-0.0969101,-0.991508
0.25,0.114595,0.54918,-0.00132059,-0.0658013,-0.997579
0.25,6.12323e-17,1,3.65469e-32,1.22465e-16,-1
0.25,-0.5,0.866025,-2.83277e-16,4.9065e-16,-1
0.25,0.866025,0.5,1.06058e-16,6.12323e-17,-1
0.25,0.5,0.866025,6.12323e-17,1.06058e-16,-1
0.25,0.332843,0.302395,-0.0681691,-0.0969101,-0.991508
0.25,0.5,0.866025,6.12323e-17,1.06058e-16,-1
0.25,6.12323e-17,1,3.65469e-32,1.22465e-16,-1
0.25,0.114595,0.54918,-0.00132059,-0.0658013,-0.997579
0.25,-0.109764,-0.534845,-0.170076,0.0460256,-0.983249
0.25,-0.5,-0.866025,-6.12323e-17,-1.06058e-16,-1
0.25,-1.83697e-16,-1,-4.93079e-32,-1.22465e-16,-1
0.25,-0.109764,-0.534845,-0.170076,0.0460256,-0.983249
0.25,-0.0545077,-0.246871,-0.136807,0.0666108,-0.988028
0.25,-0.42346,-0.402825,-0.115239,0.109979,-0.98702
0.25,-0.22606,0.0106809,0.00996593,0.0720307,-0.99667
0.25,-0.546639,-0.0883854,-0.0559707,0.140439,-0.987965
0.25,-0.246466,-0.203571,-0.106431,0.132993,-0.985378
0.25,0.0274873,0.0148979,-0.137668,-0.153597,-0.971477
0.25,-0.22606,0.0106809,0.00996593,0.0720307,-0.99667
0.25,-0.0778111,-0.0794433,-0.0489942,0.0234008,-0.997997
0.25,-0.159029,0.146481,0.035645,0.0391777,-0.997692
0.25,-0.455851,0.27745,0.0058044,0.066562,-0.99732
0.25,-0.22606,0.0106809,0.00996593,0.0720307,-0.99667
0.25,-0.546639,-0.0883854,-0.0559707,0.140439,-0.987965
0.25,-0.42346,-0.402825,-0.115239,0.109979,-0.98702
0.25,-0.246466,-0.203571,-0.106431,0.132993,-0.985378
0.25,-0.866025,-0.5,-1.06058e-16,-6.12323e-17,-1
0.25,-0.5,-0.866025,-6.12323e-17,-1.06058e-16,-1
0.25,-0.42346,-0.402825,-0.115239,0.109979,-0.98702
0.25,-0.5,0.866025,-2.83277e-16,4.9065e-16,-1
0.25,-0.455851,0.27745,0.0058044,0.066562,-0.99732
0.25,0.114595,0.54918,-0.00132059,-0.0658013,-0.997579
0.3,-0.447012,0.28597,0.00770644,0.00706297,-0.999908
0.3,-1,5.66554e-16,-1.22465e-16,9.22131e-32,-1
0.3,-0.513179,-0.108522,0.0209002,0.0311838,-0.999171
0.3,0.10631,0.519589,-0.052663,-0.02487,-0.998284
0.3,-0.447012,0.28597,0.00770644,0.00706297,-0.999908
0.3,-0.145918,0.134504,-0.087257,-0.0163112,-0.995969
0.3,0.145791,0.0797999,-0.102388,0.0595451,-0.990776
0.3,0.651343,0.186408,-0.074513,0.00373824,-0.997032
0.3,0.339725,0.305885,-0.0859661,-0.0336094,-0.995669
0.3,0.5,0.866025,6.12323e-17,1.06058e-16,-1
0.3,6.12323e-17,1,3.44334e-32,1.22465e-16,-1
0.3,0.10631,0.519589,-0.052663,-0.02487,-0.998284
0.3,-0.866025,0.5,-1.06058e-16,6.12323e-17,-1
0.3,-1,5.66554e-16,-1.22465e-16,9.22131e-32,-1
0.3,-0.447012,0.28597,0.00770644,0.00706297,-0.999908
0.3,-0.5,0.866025,-2.83277e-16,4.9065e-16,-1
0.3,0.10631,0.519589,-0.052663,-0.02487,-0.998284
0.3,6.12323e-17,1,3.44334e-32,1.22465e-16,-1
0.3,-0.320098,-0.412157,-0.0195412,0.0664568,-0.997168
0.3,-0.513179,-0.108522,0.0209002,0.0311838,-0.999171
0.3,-0.866025,-0.5,-1.06058e-16,-6.12323e-17,-1
0.3,-0.320098,-0.412157,-0.0195412,0.0664568,-0.997168
0.3,-0.202981,-0.196661,-0.0370461,0.0294104,-0.99835
0.3,-0.513179,-0.108522,0.0209002,0.0311838,-0.999171
0.3,-0.5,-0.866025,-6.12323e-17,-1.06058e-16,-1
0.3,-0.320098,-0.412157,-0.0195412,0.0664568,-0.997168
0.3,-0.866025,-0.5,-1.06058e-16,-6.12323e-17,-1
0.3,-0.5,-0.866025,-6.12323e-17,-1.06058e-16,-1
0.3,0.236796,-0.46846,-0.0906399,0.0586104,-0.99404
0.3,-0.320098,-0.412157,-0.0195412,0.0664568,-0.997168
0.3,0.866025,0.5,1.06058e-16,6.12323e-17,-1
0.3,0.5,0.866025,6.12323e-17,1.06058e-16,-1
0.3,0.10631,0.519589,-0.052663,-0.02487,-0.998284
0.3,0.145791,0.0797999,-0.102388,0.0595451,-0.990776
0.3,0.359044,-0.00704605,-0.111604,0.00826666,-0.993661
0.3,0.651343,0.186408,-0.074513,0.00373824,-0.997032
0.3,-0.145918,0.134504,-0.087257,-0.0163112,-0.995969
0.3,0.145791,0.0797999,-0.102388,0.0595451,-0.990776
0.3,0.339725,0.305885,-0.0859661,-0.0336094,-0.995669
0.3,-0.0579207,-0.0623453,-0.0984174,0.0573113,-0.992495
0.3,0.359044,-0.00704605,-0.111604,0.00826666,-0.993661
0.3,0.145791,0.0797999,-0.102388,0.0595451,-0.990776
0.3,0.236796,-0.46846,-0.0906399,0.0586104,-0.99404
0.3,-0.5,-0.866025,-6.12323e-17,-1.06058e-16,-1
0.3,-1.83697e-16,-1,-4.996e-32,-1.22465e-16,-1
0.3,0.5,-0.866025,6.12323e-17,-1.06058e-16,-1
0.3,0.236796,-0.46846,-0.0906399,0.0586104,-0.99404
0.3,-1.83697e-16,-1,-4.996e-32,-1.22465e-16,-1
0.3,-0.513179,-0.108522,0.0209002,0.0311838,-0.999171
0.3,-1,5.66554e-16,-1.22465e-16,9.22131e-32,-1
0.3,-0.866025,-0.5,-1.06058e-16,-6.12323e-17,-1
0.3,-0.0579207,-0.0623453,-0.0984174,0.0573113,-0.992495
0.3,-0.513179,-0.108522,0.0209002,0.0311838,-0.999171
0.3,-0.202981,-0.196661,-0.0370461,0.0294104,-0.99835
0.3,-0.145918,0.134504,-0.087257,-0.0163112,-0.995969
0.3,-0.447012,0.28597,0.00770644,0.00706297,-0.999908
0.3,-0.513179,-0.108522,0.0209002,0.0311838,-0.999171
0.3,1,0,1.22465e-16,-1.08028e-32,-1
0.3,0.359044,-0.00704605,-0.111604,0.00826666,-0.993661
0.3,0.196178,-0.205091,-0.0991863,0.0295482,-0.994555
0.3,0.236796,-0.46846,-0.0906399,0.0586104,-0.99404
0.3,0.196178,-0.205091,-0.0991863,0.0295482,-0.994555
0.3,-0.320098,-0.412157,-0.0195412,0.0664568,-0.997168
0.3,0.866025,-0.5,1.06058e-16,-6.12323e-17,-1
0.3,0.236796,-0.46846,-0.0906399,0.0586104,-0.99404
0.3,0.5,-0.866025,6.12323e-17,-1.06058e-16,-1
0.3,0.866025,-0.5,1.06058e-16,-6.12323e-17,-1
0.3,1,0,1.22465e-16,-1.08028e-32,-1
0.3,0.236796,-0.46846,-0.0906399,0.0586104,-0.99404
0.3,-0.0579207,-0.0623453,-0.0984174,0.0573113,-0.992495
0.3,-0.145918,0.134504,-0.087257,-0.0163112,-0.995969
0.3,-0.513179,-0.108522,0.0209002,0.0311838,-0.999171
0.3,-0.320098,-0.412157,-0.0195412,0.0664568,-0.997168
0.3,0.196178,-0.205091,-0.0991863,0.0295482,-0.994555
0.3,-0.202981,-0.196661,-0.0370461,0.0294104,-0.99835
0.3,0.339725,0.305885,-0.0859661,-0.0336094,-0.995669
0.3,0.651343,0.186408,-0.074513,0.00373824,-0.997032
0.3,0.866025,0.5,1.06058e-16,6.12323e-17,-1
0.3,-0.145918,0.134504,-0.087257,-0.0163112,-0.995969
0.3,0.339725,0.305885,-0.0859661,-0.0336094,-0.995669
0.3,0.10631,0.519589,-0.052663,-0.02487,-0.998284
0.3,-0.145918,0.134504,-0.087257,-0.0163112,-0.995969
0.3,-0.0579207,-0.0623453,-0.0984174,0.0573113,-0.992495
0.3,0.145791,0.0797999,-0.102388,0.0595451,-0.990776
0.3,0.196178,-0.205091,-0.0991863,0.0295482,-0.994555
0.3,0.359044,-0.00704605,-0.111604,0.00826666,-0.993661
0.3,-0.0579207,-0.0623453,-0.0984174,0.0573113,-0.992495
0.3,-0.202981,-0.196661,-0.0370461,0.0294104,-0.99835
0.3,0.196178,-0.205091,-0.0991863,0.0295482,-0.994555
0.3,-0.0579207,-0.0623453,-0.0984174,0.0573113,-0.992495
0.3,0.236796,-0.46846,-0.0906399,0.0586104,-0.99404
0.3,1,0,1.22465e-16,-1.08028e-32,-1
0.3,0.196178,-0.205091,-0.0991863,0.0295482,-0.994555
0.3,0.339725,0.305885,-0.0859661,-0.0336094,-0.995669
0.3,0.866025,0.5,1.06058e-16,6.12323e-17,-1
0.3,0.10631,0.519589,-0.052663,-0.02487,-0.998284
0.3,1,0,1.22465e-16,-1.08028e-32,-1
0.3,0.651343,0.186408,-0.074513,0.00373824,-0.997032
0.3,0.359044,-0.00704605,-0.111604,0.00826666,-0.993661
0.3,1,0,1.22465e-16,-1.08028e-32,-1
0.3,0.866025,0.5,1.06058e-16,6.12323e-17,-1
0.3,0.651343,0.186408,-0.074513,0.00373824,-0.997032
0.3,-0.866025,0.5,-1.06058e-16,6.12323e-17,-1
0.3,-0.447012,0.28597,0.00770644,0.00706297,-0.999908
0.3,-0.5,0.866025,-2.83277e-16,4.9065e-16,-1
0.3,0.10631,0.519589,-0.052663,-0.02487,-0.998284
0.3,-0.5,0.866025,-2.83277e-16,4.9065e-16,-1
0.3,-0.447012,0.28597,0.00770644,0.00706297,-0.999908
0.35,6.12323e-17,1,3.36978e-32,1.22465e-16,-1
0.35,-0.5,0.866025,-2.83277e-16,4.9065e-16,-1
0.35,-0.290559,0.277284,-0.0349731,0.0101078,-0.998972
0.35,-0.290559,0.277284,-0.0349731,0.0101078,-0.998972
0.35,0.271895,0.402963,-0.051379,0.0290616,-0.997996
0.35,6.12323e-17,1,3.36978e-32,1.22465e-16,-1
0.35,0.271895,0.402963,-0.051379,0.0290616,-0.997996
0.35,0.866025,0.5,1.06058e-16,6.12323e-17,-1
0.35,0.5,0.866025,6.12323e-17,1.06058e-16,-1
0.35,0.225002,-0.430741,-0.0294401,0.0508464,-0.99818
0.35,0.355692,-0.00293476,-0.0389508,0.0600444,-0.997385
0.35,-0.300114,-0.292609,-0.0235473,0.021396,-0.999237
0.35,0.225002,-0.430741,-0.0294401,0.0508464,-0.99818
0.35,0.866025,-0.5,1.06058e-16,-6.12323e-17,-1
0.35,0.355692,-0.00293476,-0.0389508,0.0600444,-0.997385
0.35,1,0,1.22465e-16,-6.45375e-33,-1
0.35,0.866025,0.5,1.06058e-16,6.12323e-17,-1
0.35,0.355692,-0.00293476,-0.0389508,0.0600444,-0.997385
0.35,6.12323e-17,1,3.36978e-32,1.22465e-16,-1
0.35,0.271895,0.402963,-0.051379,0.0290616,-0.997996
0.35,0.5,0.866025,6.12323e-17,1.06058e-16,-1
0.35,-0.290559,0.277284,-0.0349731,0.0101078,-0.998972
0.35,0.355692,-0.00293476,-0.0389508,0.0600444,-0.997385
0.35,0.271895,0.402963,-0.051379,0.0290616,-0.997996
0.35,-0.290559,0.277284,-0.0349731,0.0101078,-0.998972
0.35,-0.5,0.866025,-2.83277e-16,4.9065e-16,-1
0.35,-0.866025,0.5,-1.06058e-16,6.12323e-17,-1
0.35,-1,5.66554e-16,-1.22465e-16,9.03745e-32,-1
0.35,-0.290559,0.277284,-0.0349731,0.0101078,-0.998972
0.35,-0.866025,0.5,-1.06058e-16,6.12323e-17,-1
0.35,-0.300114,-0.292609,-0.0235473,0.021396,-0.999237
0.35,0.355692,-0.00293476,-0.0389508,0.0600444,-0.997385
0.35,-0.290559,0.277284,-0.0349731,0.0101078,-0.998972
0.35,-0.5,-0.866025,-6.12323e-17,-1.06058e-16,-1
0.35,-0.300114,-0.292609,-0.0235473,0.021396,-0.999237
0.35,-0.866025,-0.5,-1.06058e-16,-6.12323e-17,-1
0.35,0.866025,0.5,1.06058e-16,6.12323e-17,-1
0.35,0.271895,0.402963,-0.051379,0.0290616,-0.997996
0.35,0.355692,-0.00293476,-0.0389508,0.0600444,-0.997385
0.35,-0.5,-0.866025,-6.12323e-17,-1.06058e-16,-1
0.35,-1.83697e-16,-1,-4.89064e-32,-1.22465e-16,-1
0.35,-0.300114,-0.292609,-0.0235473,0.021396,-0.999237
0.35,0.225002,-0.430741,-0.0294401,0.0508464,-0.99818
0.35,0.5,-0.866025,6.12323e-17,-1.06058e-16,-1
0.35,0.866025,-0.5,1.06058e-16,-6.12323e-17,-1
0.35,1,0,1.22465e-16,-6.45375e-33,-1
0.35,0.355692,-0.00293476,-0.0389508,0.0600444,-0.997385
0.35,0.866025,-0.5,1.06058e-16,-6.12323e-17,-1
0.35,-0.300114,-0.292609,-0.0235473,0.021396,-0.999237
0.35,-1.83697e-16,-1,-4.89064e-32,-1.22465e-16,-1
0.35,0.225002,-0.430741,-0.0294401,0.0508464,-0.99818
0.35,-1.83697e-16,-1,-4.89064e-32,-1.22465e-16,-1
0.35,0.5,-0.866025,6.12323e-17,-1.06058e-16,-1
0.35,0.225002,-0.430741,-0.0294401,0.0508464,-0.99818
0.35,-1,5.66554e-16,-1.22465e-16,9.03745e-32,-1
0.35,-0.866025,-0.5,-1.06058e-16,-6.12323e-17,-1
0.35,-0.300114,-0.292609,-0.0235473,0.021396,-0.999237
0.35,-0.290559,0.277284,-0.0349731,0.0101078,-0.998972
0.35,-1,5.66554e-16,-1.22465e-16,9.03745e-32,-1
0.35,-0.300114,-0.292609,-0.0235473,0.021396,-0.999237
0.4,6.12323e-17,1,3.27141e-32,1.22465e-16,-1
0.4,-0.5,0.866025,-2.83277e-16,4.9065e-16,-1
0.4,-0.280988,0.274204,-0.0273958,0.0262806,-0.999276
0.4,0.5,0.866025,6.12323e-17,1.06058e-16,-1
0.4,6.12323e-17,1,3.27141e-32,1.22465e-16,-1
0.4,0.309733,0.31305,-0.011235,0.0360065,-0.999265
0.4,0.309733,0.31305,-0.011235,0.0360065,-0.999265
0.4,1,0,1.22465e-16,-5.76951e-33,-1
0.4,0.866025,0.5,1.06058e-16,6.12323e-17,-1
0.4,0.309733,0.31305,-0.011235,0.0360065,-0.999265
0.4,0.866025,0.5,1.06058e-16,6.12323e-17,-1
0.4,0.5,0.866025,6.12323e-17,1.06058e-16,-1
0.4,-0.866025,0.5,-1.06058e-16,6.12323e-17,-1
0.4,-0.280988,0.274204,-0.0273958,0.0262806,-0.999276
0.4,-0.5,0.866025,-2.83277e-16,4.9065e-16,-1
0.4,0.261243,-0.298687,-0.00525098,0.0313611,-0.999468
0.4,1,0,1.22465e-16,-5.76951e-33,-1
0.4,0.309733,0.31305,-0.011235,0.0360065,-0.999265
0.4,-0.326862,-0.314738,-0.0172856,0.0240079,-0.999533
0.4,-1,5.66554e-16,-1.22465e-16,9.03969e-32,-1
0.4,-0.866025,-0.5,-1.06058e-16,-6.12323e-17,-1
0.4,-0.280988,0.274204,-0.0273958,0.0262806,-0.999276
0.4,-1,5.66554e-16,-1.22465e-16,9.03969e-32,-1
0.4,-0.326862,-0.314738,-0.0172856,0.0240079,-0.999533
0.4,-0.326862,-0.314738,-0.0172856,0.0240079,-0.999533
0.4,-0.866025,-0.5,-1.06058e-16,-6.12323e-17,-1
0.4,-0.5,-0.866025,-6.12323e-17,-1.06058e-16,-1
0.4,-1.83697e-16,-1,-4.84967e-32,-1.22465e-16,-1
0.4,-0.326862,-0.314738,-0.0172856,0.0240079,-0.999533
0.4,-0.5,-0.866025,-6.12323e-17,-1.06058e-16,-1
0.4,-0.280988,0.274204,-0.0273958,0.0262806,-0.999276
0.4,-0.866025,0.5,-1.06058e-16,6.12323e-17,-1
0.4,-1,5.66554e-16,-1.22465e-16,9.03969e-32,-1
0.4,0.261243,-0.298687,-0.00525098,0.0313611,-0.999468
0.4,-0.280988,0.274204,-0.0273958,0.0262806,-0.999276
0.4,-0.326862,-0.314738,-0.0172856,0.0240079,-0.999533
0.4,0.309733,0.31305,-0.011235,0.0360065,-0.999265
0.4,6.12323e-17,1,3.27141e-32,1.22465e-16,-1
0.4,-0.280988,0.274204,-0.0273958,0.0262806,-0.999276
0.4,0.261243,-0.298687,-0.00525098,0.0313611,-0.999468
0.4,0.866025,-0.5,1.06058e-16,-6.12323e-17,-1
0.4,1,0,1.22465e-16,-5.76951e-33,-1
0.4,-1.83697e-16,-1,-4.84967e-32,-1.22465e-16,-1
0.4,0.261243,-0.298687,-0.00525098,0.0313611,-0.999468
0.4,-0.326862,-0.314738,-0.0172856,0.0240079,-0.999533
0.4,0.5,-0.866025,6.12323e-17,-1.06058e-16,-1
0.4,0.866025,-0.5,1.06058e-16,-6.12323e-17,-1
0.4,0.261243,-0.298687,-0.00525098,0.0313611,-0.999468
0.4,0.261243,-0.298687,-0.00525098,0.0313611,-0.999468
0.4,-1.83697e-16,-1,-4.84967e-32,-1.22465e-16,-1
0.4,0.5,-0.866025,6.12323e-17,-1.06058e-16,-1
0.4,-0.280988,0.274204,-0.0273958,0.0262806,-0.999276
0.4,0.261243,-0.298687,-0.00525098,0.0313611,-0.999468
0.4,0.309733,0.31305,-0.011235,0.0360065,-0.999265
0.45,-0.5,0.866025,-2.83277e-16,4.9065e-16,-1
0.45,-0.277539,0.275105,-0.00760838,0.0296532,-0.99953
0.45,6.12323e-17,1,3.24735e-32,1.22465e-16,-1
0.45,-0.277539,0.275105,-0.00760838,0.0296532,-0.99953
0.45,-0.5,0.866025,-2.83277e-16,4.9065e-16,-1
0.45,-0.866025,0.5,-1.06058e-16,6.12323e-17,-1
0.45,1,0,1.22465e-16,-4.83905e-33,-1
0.45,0.318852,0.316505,0.000491274,0.0209163,-0.999777
0.45,0.272004,-0.281004,-0.00176238,0.0211905,-0.999771
0.45,0.5,0.866025,6.12323e-17,1.06058e-16,-1
0.45,6.12323e-17,1,3.24735e-32,1.22465e-16,-1
0.45,0.318852,0.316505,0.000491274,0.0209163,-0.999777
0.45,-0.324705,-0.320231,-0.00502333,0.0214482,-0.999755
0.45,-1,5.66554e-16,-1.22465e-16,9.1333e-32,-1
0.45,-0.866025,-0.5,-1.06058e-16,-6.12323e-17,-1
0.45,-0.324705,-0.320231,-0.00502333,0.0214482,-0.999755
0.45,-0.277539,0.275105,-0.00760838,0.0296532,-0.99953
0.45,-1,5.66554e-16,-1.22465e-16,9.1333e-32,-1
0.45,-0.324705,-0.320231,-0.00502333,0.0214482,-0.999755
0.45,-0.5,-0.866025,-6.12323e-17,-1.06058e-16,-1
0.45,-1.83697e-16,-1,-4.84052e-32,-1.22465e-16,-1
0.45,-0.277539,0.275105,-0.00760838,0.0296532,-0.99953
0.45,-0.324705,-0.320231,-0.00502333,0.0214482,-0.999755
0.45,0.272004,-0.281004,-0.00176238,0.0211905,-0.999771
0.45,6.12323e-17,1,3.24735e-32,1.22465e-16,-1
0.45,-0.277539,0.275105,-0.00760838,0.0296532,-0.99953
0.45,0.318852,0.316505,0.000491274,0.0209163,-0.999777
0.45,-0.866025,0.5,-1.06058e-16,6.12323e-17,-1
0.45,-1,5.66554e-16,-1.22465e-16,9.1333e-32,-1
0.45,-0.277539,0.275105,-0.00760838,0.0296532,-0.99953
0.45,-0.866025,-0.5,-1.06058e-16,-6.12323e-17,-1
0.45,-0.5,-0.866025,-6.12323e-17,-1.06058e-16,-1
0.45,-0.324705,-0.320231,-0.00502333,0.0214482,-0.999755
0.45,0.5,-0.866025,6.12323e-17,-1.06058e-16,-1
0.45,0.272004,-0.281004,-0.00176238,0.0211905,-0.999771
0.45,-1.83697e-16,-1,-4.84052e-32,-1.22465e-16,-1
0.45,0.272004,-0.281004,-0.00176238,0.0211905,-0.999771
0.45,0.5,-0.866025,6.12323e-17,-1.06058e-16,-1
0.45,0.866025,-0.5,1.06058e-16,-6.12323e-17,-1
0.45,-0.277539,0.275105,-0.00760838,0.0296532,-0.99953
0.45,0.272004,-0.281004,-0.00176238,0.0211905,-0.999771
0.45,0.318852,0.316505,0.000491274,0.0209163,-0.999777
0.45,-0.324705,-0.320231,-0.00502333,0.0214482,-0.999755
0.45,-1.83697e-16,-1,-4.84052e-32,-1.22465e-16,-1
0.45,0.272004,-0.281004,-0.00176238,0.0211905,-0.999771
0.45,0.866025,-0.5,1.06058e-16,-6.12323e-17,-1
0.45,1,0,1.22465e-16,-4.83905e-33,-1
0.45,0.272004,-0.281004,-0.00176238,0.0211905,-0.999771
0.45,1,0,1.22465e-16,-4.83905e-33,-1
0.45,0.866025,0.5,1.06058e-16,6.12323e-17,-1
0.45,0.318852,0.316505,0.000491274,0.0209163,-0.999777
0.45,0.866025,0.5,1.06058e-16,6.12323e-17,-1
0.45,0.5,0.866025,6.12323e-17,1.06058e-16,-1
0.45,0.318852,0.316505,0.000491274,0.0209163,-0.999777
0.5,6.12323e-17,1,3.26919e-32,1.22465e-16,-1
0.5,-0.5,0.866025,-2.83277e-16,4.9065e-16,-1
0.5,-0.276494,0.275753,0.00475961,0.020254,-0.999783
0.5,1,0,1.22465e-16,-4.44487e-33,-1
0.5,0.866025,0.5,1.06058e-16,6.12323e-17,-1
0.5,0.320597,0.319559,0.00265317,0.0141843,-0.999895
0.5,0.866025,0.5,1.06058e-16,6.12323e-17,-1
0.5,0.5,0.866025,6.12323e-17,1.06058e-16,-1
0.5,0.320597,0.319559,0.00265317,0.0141843,-0.999895
0.5,0.320597,0.319559,0.00265317,0.0141843,-0.999895
0.5,0.5,0.866025,6.12323e-17,1.06058e-16,-1
0.5,6.12323e-17,1,3.26919e-32,1.22465e-16,-1
0.5,-0.866025,0.5,-1.06058e-16,6.12323e-17,-1
0.5,-0.276494,0.275753,0.00475961,0.020254,-0.999783
0.5,-0.5,0.866025,-2.83277e-16,4.9065e-16,-1
0.5,0.274858,-0.277381,0.00231993,0.0164217,-0.999862
0.5,1,0,1.22465e-16,-4.44487e-33,-1
0.5,0.320597,0.319559,0.00265317,0.0141843,-0.999895
0.5,-0.276494,0.275753,0.00475961,0.020254,-0.999783
0.5,0.320597,0.319559,0.00265317,0.0141843,-0.999895
0.5,6.12323e-17,1,3.26919e-32,1.22465e-16,-1
0.5,-1,5.66554e-16,-1.22465e-16,9.21825e-32,-1
0.5,-0.276494,0.275753,0.00475961,0.020254,-0.999783
0.5,-0.866025,0.5,-1.06058e-16,6.12323e-17,-1
0.5,-0.322346,-0.320979,0.0020677,0.0164832,-0.999862
0.5,0.274858,-0.277381,0.00231993,0.0164217,-0.999862
0.5,-0.276494,0.275753,0.00475961,0.020254,-0.999783
0.5,-0.5,-0.866025,-6.12323e-17,-1.06058e-16,-1
0.5,-0.322346,-0.320979,0.0020677,0.0164832,-0.999862
0.5,-0.866025,-0.5,-1.06058e-16,-6.12323e-17,-1
0.5,-0.5,-0.866025,-6.12323e-17,-1.06058e-16,-1
0.5,-1.83697e-16,-1,-4.83088e-32,-1.22465e-16,-1
0.5,-0.322346,-0.320979,0.0020677,0.0164832,-0.999862
0.5,0.274858,-0.277381,0.00231993,0.0164217,-0.999862
0.5,0.320597,0.319559,0.00265317,0.0141843,-0.999895
0.5,-0.276494,0.275753,0.00475961,0.020254,-0.999783
0.5,-1.83697e-16,-1,-4.83088e-32,-1.22465e-16,-1
0.5,0.274858,-0.277381,0.00231993,0.0164217,-0.999862
0.5,-0.322346,-0.320979,0.0020677,0.0164832,-0.999862
0.5,0.5,-0.866025,6.12323e-17,-1.06058e-16,-1
0.5,0.866025,-0.5,1.06058e-16,-6.12323e-17,-1
0.5,0.274858,-0.277381,0.00231993,0.0164217,-0.999862
0.5,0.5,-0.866025,6.12323e-17,-1.06058e-16,-1
0.5,0.274858,-0.277381,0.00231993,0.0164217,-0.999862
0.5,-1.83697e-16,-1,-4.83088e-32,-1.22465e-16,-1
0.5,1,0,1.22465e-16,-4.44487e-33,-1
0.5,0.274858,-0.277381,0.00231993,0.0164217,-0.999862
0.5,0.866025,-0.5,1.06058e-16,-6.12323e-17,-1
0.5,-1,5.66554e-16,-1.22465e-16,9.21825e-32,-1
0.5,-0.866025,-0.5,-1.06058e-16,-6.12323e-17,-1
0.5,-0.322346,-0.320979,0.0020677,0.0164832,-0.999862
0.5,-0.322346,-0.320979,0.0020677,0.0164832,-0.999862
0.5,-0.276494,0.275753,0.00475961,0.020254,-0.999783
0.5,-1,5.66554e-16,-1.22465e-16,9.21825e-32,-1
0.55,-0.276185,0.275967,0.0074923,0.0113437,-0.999908
0.55,6.12323e-17,1,3.2998e-32,1.22465e-16,-1
0.55,-0.5,0.866025,-2.83277e-16,4.9065e-16,-1
0.55,-0.321455,-0.321046,0.00599044,0.0106353,-0.999925
0.55,-1,5.66554e-16,-1.22465e-16,9.26493e-32,-1
0.55,-0.866025,-0.5,-1.06058e-16,-6.12323e-17,-1
0.55,-0.321455,-0.321046,0.00599044,0.0106353,-0.999925
0.55,-0.276185,0.275967,0.0074923,0.0113437,-0.999908
0.55,-1,5.66554e-16,-1.22465e-16,9.26493e-32,-1
0.55,1,0,1.22465e-16,-4.11166e-33,-1
0.55,0.275698,-0.276441,0.00553066,0.0116759,-0.999916
0.55,0.866025,-0.5,1.06058e-16,-6.12323e-17,-1
0.55,0.275698,-0.276441,0.00553066,0.0116759,-0.999916
0.55,-1.83697e-16,-1,-4.81139e-32,-1.22465e-16,-1
0.55,0.5,-0.866025,6.12323e-17,-1.06058e-16,-1
0.55,0.275698,-0.276441,0.00553066,0.0116759,-0.999916
0.55,-0.321455,-0.321046,0.00599044,0.0106353,-0.999925
0.55,-1.83697e-16,-1,-4.81139e-32,-1.22465e-16,-1
0.55,0.866025,-0.5,1.06058e-16,-6.12323e-17,-1
0.55,0.275698,-0.276441,0.00553066,0.0116759,-0.999916
0.55,0.5,-0.866025,6.12323e-17,-1.06058e-16,-1
0.55,0.320942,0.320592,0.00513713,0.0100463,-0.999936
0.55,-0.276185,0.275967,0.0074923,0.0113437,-0.999908
0.55,0.275698,-0.276441,0.00553066,0.0116759,-0.999916
0.55,-0.276185,0.275967,0.0074923,0.0113437,-0.999908
0.55,0.320942,0.320592,0.00513713,0.0100463,-0.999936
0.55,6.12323e-17,1,3.2998e-32,1.22465e-16,-1
0.55,-1,5.66554e-16,-1.22465e-16,9.26493e-32,-1
0.55,-0.276185,0.275967,0.0074923,0.0113437,-0.999908
0.55,-0.866025,0.5,-1.06058e-16,6.12323e-17,-1
0.55,-0.321455,-0.321046,0.00599044,0.0106353,-0.999925
0.55,0.275698,-0.276441,0.00553066,0.0116759,-0.999916
0.55,-0.276185,0.275967,0.0074923,0.0113437,-0.999908
0.55,-0.5,-0.866025,-6.12323e-17,-1.06058e-16,-1
0.55,-0.321455,-0.321046,0.00599044,0.0106353,-0.999925
0.55,-0.866025,-0.5,-1.06058e-16,-6.12323e-17,-1
0.55,-0.5,-0.866025,-6.12323e-17,-1.06058e-16,-1
0.55,-1.83697e-16,-1,-4.81139e-32,-1.22465e-16,-1
0.55,-0.321455,-0.321046,0.00599044,0.0106353,-0.999925
0.55,1,0,1.22465e-16,-4.11166e-33,-1
0.55,0.866025,0.5,1.06058e-16,6.12323e-17,-1
0.55,0.320942,0.320592,0.00513713,0.0100463,-0.999936
0.55,0.866025,0.5,1.06058e-16,6.12323e-17,-1
0.55,0.5,0.866025,6.12323e-17,1.06058e-16,-1
0.55,0.320942,0.320592,0.00513713,0.0100463,-0.999936
0.55,0.320942,0.320592,0.00513713,0.0100463,-0.999936
0.55,0.5,0.866025,6.12323e-17,1.06058e-16,-1
0.55,6.12323e-17,1,3.2998e-32,1.22465e-16,-1
0.55,-0.866025,0.5,-1.06058e-16,6.12323e-17,-1
0.55,-0.276185,0.275967,0.0074923,0.0113437,-0.999908
0.55,-0.5,0.866025,-2.83277e-16,4.9065e-16,-1
0.55,0.275698,-0.276441,0.00553066,0.0116759,-0.999916
0.55,1,0,1.22465e-16,-4.11166e-33,-1
0.55,0.320942,0.320592,0.00513713,0.0100463,-0.999936
0.6,6.12323e-17,1,3.32774e-32,1.22465e-16,-1
0.6,-0.5,0.866025,-2.83277e-16,4.9065e-16,-1
0.6,-0.276097,0.276034,0.00723331,0.00610742,-0.999955
0.6,1,0,1.22465e-16,-3.87294e-33,-1
0.6,0.866025,0.5,1.06058e-16,6.12323e-17,-1
0.6,0.321015,0.320905,0.0061507,0.00572176,-0.999965
0.6,0.866025,0.5,1.06058e-16,6.12323e-17,-1
0.6,0.5,0.866025,6.12323e-17,1.06058e-16,-1
0.6,0.321015,0.320905,0.0061507,0.00572176,-0.999965
0.6,0.321015,0.320905,0.0061507,0.00572176,-0.999965
0.6,0.5,0.866025,6.12323e-17,1.06058e-16,-1
0.6,6.12323e-17,1,3.32774e-32,1.22465e-16,-1
0.6,-0.866025,0.5,-1.06058e-16,6.12323e-17,-1
0.6,-0.276097,0.276034,0.00723331,0.00610742,-0.999955
0.6,-0.5,0.866025,-2.83277e-16,4.9065e-16,-1
0.6,0.275952,-0.276174,0.0070367,0.00695394,-0.999951
0.6,1,0,1.22465e-16,-3.87294e-33,-1
0.6,0.321015,0.320905,0.0061507,0.00572176,-0.999965
0.6,-0.276097,0.276034,0.00723331,0.00610742,-0.999955
0.6,0.321015,0.320905,0.0061507,0.00572176,-0.999965
0.6,6.12323e-17,1,3.32774e-32,1.22465e-16,-1
0.6,-1,5.66554e-16,-1.22465e-16,9.28423e-32,-1
0.6,-0.276097,0.276034,0.00723331,0.00610742,-0.999955
0.6,-0.866025,0.5,-1.06058e-16,6.12323e-17,-1
0.6,-0.321166,-0.321044,0.00652492,0.00546542,-0.999964
0.6,0.275952,-0.276174,0.0070367,0.00695394,-0.999951
0.6,-0.276097,0.276034,0.00723331,0.00610742,-0.999955
0.6,-0.5,-0.866025,-6.12323e-17,-1.06058e-16,-1
0.6,-0.321166,-0.321044,0.00652492,0.00546542,-0.999964
0.6,-0.866025,-0.5,-1.06058e-16,-6.12323e-17,-1
0.6,-0.5,-0.866025,-6.12323e-17,-1.06058e-16,-1
0.6,-1.83697e-16,-1,-4.78506e-32,-1.22465e-16,-1
0.6,-0.321166,-0.321044,0.00652492,0.00546542,-0.999964
0.6,0.275952,-0.276174,0.0070367,0.00695394,-0.999951
0.6,0.321015,0.320905,0.0061507,0.00572176,-0.999965
0.6,-0.276097,0.276034,0.00723331,0.00610742,-0.999955
0.6,-1.83697e-16,-1,-4.78506e-32,-1.22465e-16,-1
0.6,0.275952,-0.276174,0.0070367,0.00695394,-0.999951
0.6,-0.321166,-0.321044,0.00652492,0.00546542,-0.999964
0.6,0.5,-0.866025,6.12323e-17,-1.06058e-16,-1
0.6,0.866025,-0.5,1.06058e-16,-6.12323e-17,-1
0.6,0.275952,-0.276174,0.0070367,0.00695394,-0.999951
0.6,0.5,-0.866025,6.12323e-17,-1.06058e-16,-1
0.6,0.275952,-0.276174,0.0070367,0.00695394,-0.999951
0.6,-1.83697e-16,-1,-4.78506e-32,-1.22465e-16,-1
0.6,1,0,1.22465e-16,-3.87294e-33,-1
0.6,0.275952,-0.276174,0.0070367,0.00695394,-0.999951
0.6,0.866025,-0.5,1.06058e-16,-6.12323e-17,-1
0.6,-1,5.66554e-16,-1.22465e-16,9.28423e-32,-1
0.6,-0.866025,-0.5,-1.06058e-16,-6.12323e-17,-1
0.6,-0.321166,-0.321044,0.00652492,0.00546542,-0.999964
0.6,-0.321166,-0.321044,0.00652492,0.00546542,-0.999964
0.6,-0.276097,0.276034,0.00723331,0.00610742,-0.999955
0.6,-1,5.66554e-16,-1.22465e-16,9.28423e-32,-1
0.65,-0.276072,0.276054,0.00636305,0.00269118,-0.999976
0.65,6.12323e-17,1,3.35064e-32,1.22465e-16,-1
0.65,-0.5,0.866025,-2.83277e-16,4.9065e-16,-1
0.65,-0.321077,-0.32104,0.00555658,0.0022697,-0.999982
0.65,-1,5.66554e-16,-1.22465e-16,9.29043e-32,-1
0.65,-0.866025,-0.5,-1.06058e-16,-6.12323e-17,-1
0.65,-0.321077,-0.32104,0.00555658,0.0022697,-0.999982
0.65,-0.276072,0.276054,0.00636305,0.00269118,-0.999976
0.65,-1,5.66554e-16,-1.22465e-16,9.29043e-32,-1
0.65,1,0,1.22465e-16,-3.76972e-33,-1
0.65,0.276029,-0.276096,0.00667169,0.00291237,-0.999974
0.65,0.866025,-0.5,1.06058e-16,-6.12323e-17,-1
0.65,0.276029,-0.276096,0.00667169,0.00291237,-0.999974
0.65,-1.83697e-16,-1,-4.76068e-32,-1.22465e-16,-1
0.65,0.5,-0.866025,6.12323e-17,-1.06058e-16,-1
0.65,0.276029,-0.276096,0.00667169,0.00291237,-0.999974
0.65,-0.321077,-0.32104,0.00555658,0.0022697,-0.999982
0.65,-1.83697e-16,-1,-4.76068e-32,-1.22465e-16,-1
0.65,0.866025,-0.5,1.06058e-16,-6.12323e-17,-1
0.65,0.276029,-0.276096,0.00667169,0.00291237,-0.999974
0.65,0.5,-0.866025,6.12323e-17,-1.06058e-16,-1
0.65,0.321032,0.320998,0.00560186,0.00246199,-0.999981
0.65,-0.276072,0.276054,0.00636305,0.00269118,-0.999976
0.65,0.276029,-0.276096,0.00667169,0.00291237,-0.999974
0.65,-0.276072,0.276054,0.00636305,0.00269118,-0.999976
0.65,0.321032,0.320998,0.00560186,0.00246199,-0.999981
0.65,6.12323e-17,1,3.35064e-32,1.22465e-16,-1
0.65,-1,5.66554e-16,-1.22465e-16,9.29043e-32,-1
0.65,-0.276072,0.276054,0.00636305,0.00269118,-0.999976
0.65,-0.866025,0.5,-1.06058e-16,6.12323e-17,-1
0.65,-0.321077,-0.32104,0.00555658,0.0022697,-0.999982
0.65,0.276029,-0.276096,0.00667169,0.00291237,-0.999974
0.65,-0.276072,0.276054,0.00636305,0.00269118,-0.999976
0.65,-0.5,-0.866025,-6.12323e-17,-1.06058e-16,-1
0.65,-0.321077,-0.32104,0.00555658,0.0022697,-0.999982
0.65,-0.866025,-0.5,-1.06058e-16,-6.12323e-17,-1
0.65,-0.5,-0.866025,-6.12323e-17,-1.06058e-16,-1
0.65,-1.83697e-16,-1,-4.76068e-32,-1.22465e-16,-1
0.65,-0.321077,-0.32104,0.00555658,0.0022697,-0.999982
0.65,1,0,1.22465e-16,-3.76972e-33,-1
0.65,0.866025,0.5,1.06058e-16,6.12323e-17,-1
0.65,0.321032,0.320998,0.00560186,0.00246199,-0.999981
0.65,0.321032,0.320998,0.00560186,0.00246199,-0.999981
0.65,0.866025,0.5,1.06058e-16,6.12323e-17,-1
0.65,0.5,0.866025,6.12323e-17,1.06058e-16,-1
0.65,-0.866025,0.5,-1.06058e-16,6.12323e-17,-1
0.65,-0.276072,0.276054,0.00636305,0.00269118,-0.999976
0.65,-0.5,0.866025,-2.83277e-16,4.9065e-16,-1
0.65,0.276029,-0.276096,0.00667169,0.00291237,-0.999974
0.65,1,0,1.22465e-16,-3.76972e-33,-1
0.65,0.321032,0.320998,0.00560186,0.00246199,-0.999981
0.65,0.321032,0.320998,0.00560186,0.00246199,-0.999981
0.65,0.5,0.866025,6.12323e-17,1.06058e-16,-1
0.65,6.12323e-17,1,3.35064e-32,1.22465e-16,-1
0.7,6.12323e-17,1,3.36839e-32,1.22465e-16,-1
0.7,-0.5,0.866025,-2.83277e-16,4.9065e-16,-1
0.7,-0.276065,0.27606,0.00505461,0.000408581,-0.999987
0.7,1,0,1.22465e-16,-3.76533e-33,-1
0.7,0.866025,0.5,1.06058e-16,6.12323e-17,-1
0.7,0.321036,0.321026,0.00446247,0.000355027,-0.99999
0.7,0.866025,0.5,1.06058e-16,6.12323e-17,-1
0.7,0.5,0.866025,6.12323e-17,1.06058e-16,-1
0.7,0.321036,0.321026,0.00446247,0.000355027,-0.99999
0.7,0.321036,0.321026,0.00446247,0.000355027,-0.99999
0.7,0.5,0.866025,6.12323e-17,1.06058e-16,-1
0.7,6.12323e-17,1,3.36839e-32,1.22465e-16,-1
0.7,-0.866025,0.5,-1.06058e-16,6.12323e-17,-1
0.7,-0.276065,0.27606,0.00505461,0.000408581,-0.999987
0.7,-0.5,0.866025,-2.83277e-16,4.9065e-16,-1
0.7,0.276052,-0.276072,0.00519565,0.000320911,-0.999986
0.7,1,0,1.22465e-16,-3.76533e-33,-1
0.7,0.321036,0.321026,0.00446247,0.000355027,-0.99999
0.7,-0.276065,0.27606,0.00505461,0.000408581,-0.999987
0.7,0.321036,0.321026,0.00446247,0.000355027,-0.99999
0.7,6.12323e-17,1,3.36839e-32,1.22465e-16,-1
0.7,-1,5.66554e-16,-1.22465e-16,9.29038e-32,-1
0.7,-0.276065,0.27606,0.00505461,0.000408581,-0.999987
0.7,-0.866025,0.5,-1.06058e-16,6.12323e-17,-1
0.7,-0.321049,-0.321038,0.00437748,0.000343296,-0.99999
0.7,0.276052,-0.276072,0.00519565,0.000320911,-0.999986
0.7,-0.276065,0.27606,0.00505461,0.000408581,-0.999987
0.7,-0.5,-0.866025,-6.12323e-17,-1.06058e-16,-1
0.7,-0.321049,-0.321038,0.00437748,0.000343296,-0.99999
0.7,-0.866025,-0.5,-1.06058e-16,-6.12323e-17,-1
0.7,-0.5,-0.866025,-6.12323e-17,-1.06058e-16,-1
0.7,-1.83697e-16,-1,-4.74212e-32,-1.22465e-16,-1
0.7,-0.321049,-0.321038,0.00437748,0.000343296,-0.99999
0.7,0.276052,-0.276072,0.00519565,0.000320911,-0.999986
0.7,0.321036,0.321026,0.00446247,0.000355027,-0.99999
0.7,-0.276065,0.27606,0.00505461,0.000408581,-0.999987
0.7,-1.83697e-16,-1,-4.74212e-32,-1.22465e-16,-1
0.7,0.276052,-0.276072,0.00519565,0.000320911,-0.999986
0.7,-0.321049,-0.321038,0.00437748,0.000343296,-0.99999
0.7,0.5,-0.866025,6.12323e-17,-1.06058e-16,-1
0.7,0.866025,-0.5,1.06058e-16,-6.12323e-17,-1
0.7,0.276052,-0.276072,0.00519565,0.000320911,-0.999986
0.7,0.5,-0.866025,6.12323e-17,-1.06058e-16,-1
0.7,0.276052,-0.276072,0.00519565,0.000320911,-0.999986
0.7,-1.83697e-16,-1,-4.74212e-32,-1.22465e-16,-1
0.7,1,0,1.22465e-16,-3.76533e-33,-1
0.7,0.276052,-0.276072,0.00519565,0.000320911,-0.999986
0.7,0.866025,-0.5,1.06058e-16,-6.12323e-17,-1
0.7,-1,5.66554e-16,-1.22465e-16,9.29038e-32,-1
0.7,-0.866025,-0.5,-1.06058e-16,-6.12323e-17,-1
0.7,-0.321049,-0.321038,0.00437748,0.000343296,-0.99999
0.7,-0.321049,-0.321038,0.00437748,0.000343296,-0.99999
0.7,-0.276065,0.27606,0.00505461,0.000408581,-0.999987
0.7,-1,5.66554e-16,-1.22465e-16,9.29038e-32,-1
0.75,-0.276063,0.276061,0.00361025,-0.000908439,-0.999993
0.75,6.12323e-17,1,3.38096e-32,1.22465e-16,-1
0.75,-0.5,0.866025,-2.83277e-16,4.9065e-16,-1
0.75,-0.321041,-0.321038,0.00312307,-0.000802593,-0.999995
0.75,-1,5.66554e-16,-1.22465e-16,9.28656e-32,-1
0.75,-0.866025,-0.5,-1.06058e-16,-6.12323e-17,-1
0.75,-0.321041,-0.321038,0.00312307,-0.000802593,-0.999995
0.75,-0.276063,0.276061,0.00361025,-0.000908439,-0.999993
0.75,-1,5.66554e-16,-1.22465e-16,9.28656e-32,-1
0.75,1,0,1.22465e-16,-3.80986e-33,-1
0.75,0.276059,-0.276065,0.00359844,-0.000980147,-0.999993
0.75,0.866025,-0.5,1.06058e-16,-6.12323e-17,-1
0.75,0.276059,-0.276065,0.00359844,-0.000980147,-0.999993
0.75,-1.83697e-16,-1,-4.72955e-32,-1.22465e-16,-1
0.75,0.5,-0.866025,6.12323e-17,-1.06058e-16,-1
0.75,0.276059,-0.276065,0.00359844,-0.000980147,-0.999993
0.75,-0.321041,-0.321038,0.00312307,-0.000802593,-0.999995
0.75,-1.83697e-16,-1,-4.72955e-32,-1.22465e-16,-1
0.75,0.866025,-0.5,1.06058e-16,-6.12323e-17,-1
0.75,0.276059,-0.276065,0.00359844,-0.000980147,-0.999993
0.75,0.5,-0.866025,6.12323e-17,-1.06058e-16,-1
0.75,0.321037,0.321034,0.00314106,-0.000835205,-0.999995
0.75,-0.276063,0.276061,0.00361025,-0.000908439,-0.999993
0.75,0.276059,-0.276065,0.00359844,-0.000980147,-0.999993
0.75,-0.276063,0.276061,0.00361025,-0.000908439,-0.999993
0.75,0.321037,0.321034,0.00314106,-0.000835205,-0.999995
0.75,6.12323e-17,1,3.38096e-32,1.22465e-16,-1
0.75,-1,5.66554e-16,-1.22465e-16,9.28656e-32,-1
0.75,-0.276063,0.276061,0.00361025,-0.000908439,-0.999993
0.75,-0.866025,0.5,-1.06058e-16,6.12323e-17,-1
0.75,-0.321041,-0.321038,0.00312307,-0.000802593,-0.999995
0.75,0.276059,-0.276065,0.00359844,-0.000980147,-0.999993
0.75,-0.276063,0.276061,0.00361025,-0.000908439,-0.999993
0.75,-0.5,-0.866025,-6.12323e-17,-1.06058e-16,-1
0.75,-0.321041,-0.321038,0.00312307,-0.000802593,-0.999995
0.75,-0.866025,-0.5,-1.06058e-16,-6.12323e-17,-1
0.75,-0.5,-0.866025,-6.12323e-17,-1.06058e-16,-1
0.75,-1.83697e-16,-1,-4.72955e-32,-1.22465e-16,-1
0.75,-0.321041,-0.321038,0.00312307,-0.000802593,-0.999995
0.75,1,0,1.22465e-16,-3.80986e-33,-1
0.75,0.866025,0.5,1.06058e-16,6.12323e-17,-1
0.75,0.321037,0.321034,0.00314106,-0.000835205,-0.999995
0.75,0.866025,0.5,1.06058e-16,6.12323e-17,-1
0.75,0.5,0.866025,6.12323e-17,1.06058e-16,-1
0.75,0.321037,0.321034,0.00314106,-0.000835205,-0.999995
0.75,0.321037,0.321034,0.00314106,-0.000835205,-0.999995
0.75,0.5,0.866025,6.12323e-17,1.06058e-16,-1
0.75,6.12323e-17,1,3.38096e-32,1.22465e-16,-1
0.75,-0.866025,0.5,-1.06058e-16,6.12323e-17,-1
0.75,-0.276063,0.276061,0.00361025,-0.000908439,-0.999993
0.75,-0.5,0.866025,-2.83277e-16,4.9065e-16,-1
0.75,0.276059,-0.276065,0.00359844,-0.000980147,-0.999993
0.75,1,0,1.22465e-16,-3.80986e-33,-1
0.75,0.321037,0.321034,0.00314106,-0.000835205,-0.999995
0.8,6.12323e-17,1,3.38871e-32,1.22465e-16,-1
0.8,-0.5,0.866025,-2.83277e-16,4.9065e-16,-1
0.8,-0.276062,0.276062,0.00227864,-0.00149515,-0.999996
0.8,1,0,1.22465e-16,-3.86964e-33,-1
0.8,0.866025,0.5,1.06058e-16,6.12323e-17,-1
0.8,0.321038,0.321037,0.00194726,-0.00130781,-0.999997
0.8,0.866025,0.5,1.06058e-16,6.12323e-17,-1
0.8,0.5,0.866025,6.12323e-17,1.06058e-16,-1
0.8,0.321038,0.321037,0.00194726,-0.00130781,-0.999997
0.8,0.321038,0.321037,0.00194726,-0.00130781,-0.999997
0.8,0.5,0.866025,6.12323e-17,1.06058e-16,-1
0.8,6.12323e-17,1,3.38871e-32,1.22465e-16,-1
0.8,-0.866025,0.5,-1.06058e-16,6.12323e-17,-1
0.8,-0.276062,0.276062,0.00227864,-0.00149515,-0.999996
0.8,-0.5,0.866025,-2.83277e-16,4.9065e-16,-1
0.8,0.276061,-0.276063,0.00224766,-0.0015024,-0.999996
0.8,1,0,1.22465e-16,-3.86964e-33,-1
0.8,0.321038,0.321037,0.00194726,-0.00130781,-0.999997
0.8,-0.276062,0.276062,0.00227864,-0.00149515,-0.999996
0.8,0.321038,0.321037,0.00194726,-0.00130781,-0.999997
0.8,6.12323e-17,1,3.38871e-32,1.22465e-16,-1
0.8,-1,5.66554e-16,-1.22465e-16,9.28088e-32,-1
0.8,-0.276062,0.276062,0.00227864,-0.00149515,-0.999996
0.8,-0.866025,0.5,-1.06058e-16,6.12323e-17,-1
0.8,-0.321039,-0.321038,0.00195768,-0.00129544,-0.999997
0.8,0.276061,-0.276063,0.00224766,-0.0015024,-0.999996
0.8,-0.276062,0.276062,0.00227864,-0.00149515,-0.999996
0.8,-0.5,-0.866025,-6.12323e-17,-1.06058e-16,-1
0.8,-0.321039,-0.321038,0.00195768,-0.00129544,-0.999997
0.8,-0.866025,-0.5,-1.06058e-16,-6.12323e-17,-1
0.8,-0.5,-0.866025,-6.12323e-17,-1.06058e-16,-1
0.8,-1.83697e-16,-1,-4.72196e-32,-1.22465e-16,-1
0.8,-0.321039,-0.321038,0.00195768,-0.00129544,-0.999997
0.8,0.276061,-0.276063,0.00224766,-0.0015024,-0.999996
0.8,0.321038,0.321037,0.00194726,-0.00130781,-0.999997
0.8,-0.276062,0.276062,0.00227864,-0.00149515,-0.999996
0.8,-1.83697e-16,-1,-4.72196e-32,-1.22465e-16,-1
0.8,0.276061,-0.276063,0.00224766,-0.0015024,-0.999996
0.8,-0.321039,-0.321038,0.00195768,-0.00129544,-0.999997
0.8,0.5,-0.866025,6.12323e-17,-1.06058e-16,-1
0.8,0.866025,-0.5,1.06058e-16,-6.12323e-17,-1
0.8,0.276061,-0.276063,0.00224766,-0.0015024,-0.999996
0.8,0.5,-0.866025,6.12323e-17,-1.06058e-16,-1
0.8,0.276061,-0.276063,0.00224766,-0.0015024,-0.999996
0.8,-1.83697e-16,-1,-4.72196e-32,-1.22465e-16,-1
0.8,1,0,1.22465e-16,-3.86964e-33,-1
0.8,0.276061,-0.276063,0.00224766,-0.0015024,-0.999996
0.8,0.866025,-0.5,1.06058e-16,-6.12323e-17,-1
0.8,-1,5.66554e-16,-1.22465e-16,9.28088e-32,-1
0.8,-0.866025,-0.5,-1.06058e-16,-6.12323e-17,-1
0.8,-0.321039,-0.321038,0.00195768,-0.00129544,-0.999997
0.8,-0.321039,-0.321038,0.00195768,-0.00129544,-0.999997
0.8,-0.276062,0.276062,0.00227864,-0.00149515,-0.999996
0.8,-1,5.66554e-16,-1.22465e-16,9.28088e-32,-1
0.85,-0.276062,0.276062,0.00120629,-0.00157254,-0.999998
0.85,6.12323e-17,1,3.39263e-32,1.22465e-16,-1
0.85,-0.5,0.866025,-2.83277e-16,4.9065e-16,-1
0.85,-0.321038,-0.321038,0.0010413,-0.00135299,-0.999999
0.85,-1,5.66554e-16,-1.22465e-16,9.27506e-32,-1
0.85,-0.866025,-0.5,-1.06058e-16,-6.12323e-17,-1
0.85,-0.321038,-0.321038,0.0010413,-0.00135299,-0.999999
0.85,-0.276062,0.276062,0.00120629,-0.00157254,-0.999998
0.85,-1,5.66554e-16,-1.22465e-16,9.27506e-32,-1
0.85,1,0,1.22465e-16,-3.92762e-33,-1
0.85,0.276062,-0.276062,0.00119817,-0.00156123,-0.999998
0.85,0.866025,-0.5,1.06058e-16,-6.12323e-17,-1
0.85,0.276062,-0.276062,0.00119817,-0.00156123,-0.999998
0.85,-1.83697e-16,-1,-4.71809e-32,-1.22465e-16,-1
0.85,0.5,-0.866025,6.12323e-17,-1.06058e-16,-1
0.85,0.276062,-0.276062,0.00119817,-0.00156123,-0.999998
0.85,-0.321038,-0.321038,0.0010413,-0.00135299,-0.999999
0.85,-1.83697e-16,-1,-4.71809e-32,-1.22465e-16,-1
0.85,0.866025,-0.5,1.06058e-16,-6.12323e-17,-1
0.85,0.276062,-0.276062,0.00119817,-0.00156123,-0.999998
0.85,0.5,-0.866025,6.12323e-17,-1.06058e-16,-1
0.85,0.321038,0.321037,0.00103467,-0.00135068,-0.999999
0.85,-0.276062,0.276062,0.00120629,-0.00157254,-0.999998
0.85,0.276062,-0.276062,0.00119817,-0.00156123,-0.999998
0.85,-0.276062,0.276062,0.00120629,-0.00157254,-0.999998
0.85,0.321038,0.321037,0.00103467,-0.00135068,-0.999999
0.85,6.12323e-17,1,3.39263e-32,1.22465e-16,-1
0.85,-1,5.66554e-16,-1.22465e-16,9.27506e-32,-1
0.85,-0.276062,0.276062,0.00120629,-0.00157254,-0.999998
0.85,-0.866025,0.5,-1.06058e-16,6.12323e-17,-1
0.85,-0.321038,-0.321038,0.0010413,-0.00135299,-0.999999
0.85,0.276062,-0.276062,0.00119817,-0.00156123,-0.999998
0.85,-0.276062,0.276062,0.00120629,-0.00157254,-0.999998
0.85,-0.5,-0.866025,-6.12323e-17,-1.06058e-16,-1
0.85,-0.321038,-0.321038,0.0010413,-0.00135299,-0.999999
0.85,-0.866025,-0.5,-1.06058e-16,-6.12323e-17,-1
0.85,-0.5,-0.866025,-6.12323e-17,-1.06058e-16,-1
0.85,-1.83697e-16,-1,-4.71809e-32,-1.22465e-16,-1
0.85,-0.321038,-0.321038,0.0010413,-0.00135299,-0.999999
0.85,1,0,1.22465e-16,-3.92762e-33,-1
0.85,0.866025,0.5,1.06058e-16,6.12323e-17,-1
0.85,0.321038,0.321037,0.00103467,-0.00135068,-0.999999
0.85,0.866025,0.5,1.06058e-16,6.12323e-17,-1
0.85,0.5,0.866025,6.12323e-17,1.06058e-16,-1
0.85,0.321038,0.321037,0.00103467,-0.00135068,-0.999999
0.85,0.321038,0.321037,0.00103467,-0.00135068,-0.999999
0.85,0.5,0.866025,6.12323e-17,1.06058e-16,-1
0.85,6.12323e-17,1,3.39263e-32,1.22465e-16,-1
0.85,-0.866025,0.5,-1.06058e-16,6.12323e-17,-1
0.85,-0.276062,0.276062,0.00120629,-0.00157254,-0.999998
0.85,-0.5,0.866025,-2.83277e-16,4.9065e-16,-1
0.85,0.276062,-0.276062,0.00119817,-0.00156123,-0.999998
0.85,1,0,1.22465e-16,-3.92762e-33,-1
0.85,0.321038,0.321037,0.00103467,-0.00135068,-0.999999
0.9,6.12323e-17,1,3.39394e-32,1.22465e-16,-1
0.9,-0.5,0.866025,-2.83277e-16,4.9065e-16,-1
0.9,-0.276062,0.276062,0.000455299,-0.00136265,-0.999999
0.9,6.12323e-17,1,3.39394e-32,1.22465e-16,-1
0.9,0.321038,0.321038,0.000396428,-0.00117438,-0.999999
0.9,0.5,0.866025,6.12323e-17,1.06058e-16,-1
0.9,1,0,1.22465e-16,-3.97642e-33,-1
0.9,0.866025,0.5,1.06058e-16,6.12323e-17,-1
0.9,0.321038,0.321038,0.000396428,-0.00117438,-0.999999
0.9,0.321038,0.321038,0.000396428,-0.00117438,-0.999999
0.9,0.866025,0.5,1.06058e-16,6.12323e-17,-1
0.9,0.5,0.866025,6.12323e-17,1.06058e-16,-1
0.9,-0.866025,0.5,-1.06058e-16,6.12323e-17,-1
0.9,-0.276062,0.276062,0.000455299,-0.00136265,-0.999999
0.9,-0.5,0.866025,-2.83277e-16,4.9065e-16,-1
0.9,0.276062,-0.276062,0.000458507,-0.00135747,-0.999999
0.9,1,0,1.22465e-16,-3.97642e-33,-1
0.9,0.321038,0.321038,0.000396428,-0.00117438,-0.999999
0.9,-0.276062,0.276062,0.000455299,-0.00136265,-0.999999
0.9,0.321038,0.321038,0.000396428,-0.00117438,-0.999999
0.9,6.12323e-17,1,3.39394e-32,1.22465e-16,-1
0.9,-1,5.66554e-16,-1.22465e-16,9.27012e-32,-1
0.9,-0.276062,0.276062,0.000455299,-0.00136265,-0.999999
0.9,-0.866025,0.5,-1.06058e-16,6.12323e-17,-1
0.9,-0.321038,-0.321038,0.000396527,-0.00117743,-0.999999
0.9,0.276062,-0.276062,0.000458507,-0.00135747,-0.999999
0.9,-0.276062,0.276062,0.000455299,-0.00136265,-0.999999
0.9,-0.5,-0.866025,-6.12323e-17,-1.06058e-16,-1
0.9,-0.321038,-0.321038,0.000396527,-0.00117743,-0.999999
0.9,-0.866025,-0.5,-1.06058e-16,-6.12323e-17,-1
0.9,-0.5,-0.866025,-6.12323e-17,-1.06058e-16,-1
0.9,-1.83697e-16,-1,-4.71677e-32,-1.22465e-16,-1
0.9,-0.321038,-0.321038,0.000396527,-0.00117743,-0.999999
0.9,0.276062,-0.276062,0.000458507,-0.00135747,-0.999999
0.9,0.321038,0.321038,0.000396428,-0.00117438,-0.999999
0.9,-0.276062,0.276062,0.000455299,-0.00136265,-0.999999
0.9,-1.83697e-16,-1,-4.71677e-32,-1.22465e-16,-1
0.9,0.276062,-0.276062,0.000458507,-0.00135747,-0.999999
0.9,-0.321038,-0.321038,0.000396527,-0.00117743,-0.999999
0.9,0.5,-0.866025,6.12323e-17,-1.06058e-16,-1
0.9,0.866025,-0.5,1.06058e-16,-6.12323e-17,-1
0.9,0.276062,-0.276062,0.000458507,-0.00135747,-0.999999
0.9,0.5,-0.866025,6.12323e-17,-1.06058e-16,-1
0.9,0.276062,-0.276062,0.000458507,-0.00135747,-0.999999
0.9,-1.83697e-16,-1,-4.71677e-32,-1.22465e-16,-1
0.9,1,0,1.22465e-16,-3.97642e-33,-1
0.9,0.276062,-0.276062,0.000458507,-0.00135747,-0.999999
0.9,0.866025,-0.5,1.06058e-16,-6.12323e-17,-1
0.9,-1,5.66554e-16,-1.22465e-16,9.27012e-32,-1
0.9,-0.866025,-0.5,-1.06058e-16,-6.12323e-17,-1
0.9,-0.321038,-0.321038,0.000396527,-0.00117743,-0.999999
0.9,-0.321038,-0.321038,0.000396527,-0.00117743,-0.999999
0.9,-0.276062,0.276062,0.000455299,-0.00136265,-0.999999
0.9,-1,5.66554e-16,-1.22465e-16,9.27012e-32,-1
0.95,-0.276062,0.276062,-6.98204e-06,-0.00104287,-0.999999
0.95,6.12323e-17,1,3.39367e-32,1.22465e-16,-1
0.95,-0.5,0.866025,-2.83277e-16,4.9065e-16,-1
0.95,-0.321038,-0.321038,-5.8104e-06,-0.000902673,-1
0.95,-1,5.66554e-16,-1.22465e-16,9.26642e-32,-1
0.95,-0.866025,-0.5,-1.06058e-16,-6.12323e-17,-1
0.95,-0.321038,-0.321038,-5.8104e-06,-0.000902673,-1
0.95,-0.276062,0.276062,-6.98204e-06,-0.00104287,-0.999999
0.95,-1,5.66554e-16,-1.22465e-16,9.26642e-32,-1
0.95,1,0,1.22465e-16,-4.01324e-33,-1
0.95,0.276062,-0.276062,-4.34985e-06,-0.0010433,-0.999999
0.95,0.866025,-0.5,1.06058e-16,-6.12323e-17,-1
0.95,0.276062,-0.276062,-4.34985e-06,-0.0010433,-0.999999
0.95,-1.83697e-16,-1,-4.71702e-32,-1.22465e-16,-1
0.95,0.5,-0.866025,6.12323e-17,-1.06058e-16,-1
0.95,0.276062,-0.276062,-4.34985e-06,-0.0010433,-0.999999
0.95,-0.321038,-0.321038,-5.8104e-06,-0.000902673,-1
0.95,-1.83697e-16,-1,-4.71702e-32,-1.22465e-16,-1
0.95,0.866025,-0.5,1.06058e-16,-6.12323e-17,-1
0.95,0.276062,-0.276062,-4.34985e-06,-0.0010433,-0.999999
0.95,0.5,-0.866025,6.12323e-17,-1.06058e-16,-1
0.95,0.321038,0.321038,-4.5881e-06,-0.000902158,-1
0.95,-0.276062,0.276062,-6.98204e-06,-0.00104287,-0.999999
0.95,0.276062,-0.276062,-4.34985e-06,-0.0010433,-0.999999
0.95,-0.276062,0.276062,-6.98204e-06,-0.00104287,-0.999999
0.95,0.321038,0.321038,-4.5881e-06,-0.000902158,-1
0.95,6.12323e-17,1,3.39367e-32,1.22465e-16,-1
0.95,-1,5.66554e-16,-1.22465e-16,9.26642e-32,-1
0.95,-0.276062,0.276062,-6.98204e-06,-0.00104287,-0.999999
0.95,-0.866025,0.5,-1.06058e-16,6.12323e-17,-1
0.95,-0.321038,-0.321038,-5.8104e-06,-0.000902673,-1
0.95,0.276062,-0.276062,-4.34985e-06,-0.0010433,-0.999999
0.95,-0.276062,0.276062,-6.98204e-06,-0.00104287,-0.999999
0.95,-0.5,-0.866025,-6.12323e-17,-1.06058e-16,-1
0.95,-0.321038,-0.321038,-5.8104e-06,-0.000902673,-1
0.95,-0.866025,-0.5,-1.06058e-16,-6.12323e-17,-1
0.95,-0.5,-0.866025,-6.12323e-17,-1.06058e-16,-1
0.95,-1.83697e-16,-1,-4.71702e-32,-1.22465e-16,-1
0.95,-0.321038,-0.321038,-5.8104e-06,-0.000902673,-1
0.95,1,0,1.22465e-16,-4.01324e-33,-1
0.95,0.866025,0.5,1.06058e-16,6.12323e-17,-1
0.95,0.321038,0.321038,-4.5881e-06,-0.000902158,-1
0.95,0.866025,0.5,1.06058e-16,6.12323e-17,-1
0.95,0.5,0.866025,6.12323e-17,1.06058e-16,-1
0.95,0.321038,0.321038,-4.5881e-06,-0.000902158,-1
0.95,0.321038,0.321038,-4.5881e-06,-0.000902158,-1
0.95,0.5,0.866025,6.12323e-17,1.06058e-16,-1
0.95,6.12323e-17,1,3.39367e-32,1.22465e-16,-1
0.95,-0.866025,0.5,-1.06058e-16,6.12323e-17,-1
0.95,-0.276062,0.276062,-6.98204e-06,-0.00104287,-0.999999
0.95,-0.5,0.866025,-2.83277e-16,4.9065e-16,-1
0.95,0.276062,-0.276062,-4.34985e-06,-0.0010433,-0.999999
0.95,1,0,1.22465e-16,-4.01324e-33,-1
0.95,0.321038,0.321038,-4.5881e-06,-0.000902158,-1
1,6.12323e-17,1,3.39263e-32,1.22465e-16,-1
1,-0.5,0.866025,-2.83277e-16,4.9065e-16,-1
1,-0.276062,0.276062,-0.000249929,-0.000715829,-1
1,1,0,1.22465e-16,-4.03806e-33,-1
1,0.866025,0.5,1.06058e-16,6.12323e-17,-1
1,0.321038,0.321038,-0.000215938,-0.000619359,-1
1,0.866025,0.5,1.06058e-16,6.12323e-17,-1
1,0.5,0.866025,6.12323e-17,1.06058e-16,-1
1,0.321038,0.321038,-0.000215938,-0.000619359,-1
1,0.321038,0.321038,-0.000215938,-0.000619359,-1
1,0.5,0.866025,6.12323e-17,1.06058e-16,-1
1,6.12323e-17,1,3.39263e-32,1.22465e-16,-1
1,-0.866025,0.5,-1.06058e-16,6.12323e-17,-1
1,-0.276062,0.276062,-0.000249929,-0.000715829,-1
1,-0.5,0.866025,-2.83277e-16,4.9065e-16,-1
1,0.276062,-0.276062,-0.00024966,-0.000716965,-1
1,1,0,1.22465e-16,-4.03806e-33,-1
1,0.321038,0.321038,-0.000215938,-0.000619359,-1
1,-0.276062,0.276062,-0.000249929,-0.000715829,-1
1,0.321038,0.321038,-0.000215938,-0.000619359,-1
1,6.12323e-17,1,3.39263e-32,1.22465e-16,-1
1,-1,5.66554e-16,-1.22465e-16,9.26394e-32,-1
1,-0.276062,0.276062,-0.000249929,-0.000715829,-1
1,-0.866025,0.5,-1.06058e-16,6.12323e-17,-1
1,-0.321038,-0.321038,-0.000216337,-0.000618943,-1
1,0.276062,-0.276062,-0.00024966,-0.000716965,-1
1,-0.276062,0.276062,-0.000249929,-0.000715829,-1
1,-0.5,-0.866025,-6.12323e-17,-1.06058e-16,-1
1,-0.321038,-0.321038,-0.000216337,-0.000618943,-1
1,-0.866025,-0.5,-1.06058e-16,-6.12323e-17,-1
1,-0.5,-0.866025,-6.12323e-17,-1.06058e-16,-1
1,-1.83697e-16,-1,-4.71806e-32,-1.22465e-16,-1
1,-0.321038,-0.321038,-0.000216337,-0.000618943,-1
1,0.276062,-0.276062,-0.00024966,-0.000716965,-1
1,0.321038,0.321038,-0.000215938,-0.000619359,-1
1,-0.276062,0.276062,-0.000249929,-0.000715829,-1
1,-1.83697e-16,-1,-4.71806e-32,-1.22465e-16,-1
1,0.276062,-0.276062,-0.00024966,-0.000716965,-1
1,-0.321038,-0.321038,-0.000216337,-0.000618943,-1
1,0.5,-0.866025,6.12323e-17,-1.06058e-16,-1
1,0.866025,-0.5,1.06058e-16,-6.12323e-17,-1
1,0.276062,-0.276062,-0.00024966,-0.000716965,-1
1,0.5,-0.866025,6.12323e-17,-1.06058e-16,-1
1,0.276062,-0.276062,-0.00024966,-0.000716965,-1
1,-1.83697e-16,-1,-4.71806e-32,-1.22465e-16,-1
1,1,0,1.22465e-16,-4.03806e-33,-1
1,0.276062,-0.276062,-0.00024966,-0.000716965,-1
1,0.866025,-0.5,1.06058e-16,-6.12323e-17,-1
1,-1,5.66554e-16,-1.22465e-16,9.26394e-32,-1
1,-0.866025,-0.5,-1.06058e-16,-6.12323e-17,-1
1,-0.321038,-0.321038,-0.000216337,-0.000618943,-1
1,-0.321038,-0.321038,-0.000216337,-0.000618943,-1
1,-0.276062,0.276062,-0.000249929,-0.000715829,-1
1,-1,5.66554e-16,-1.22465e-16,9.26394e-32,-1
